E,flux,date
0.0030000000000000005,42.6757922101062,2010.0438356
0.003300000000000001,46.846127327936294,2010.0438356
0.003630000000000001,51.4178706518298,2010.0438356
0.003993000000000002,56.428390894739906,2010.0438356
0.004392300000000003,61.9182718198481,2010.0438356
0.004831530000000003,67.93153309966179,2010.0438356
0.005314683000000005,74.515853912819,2010.0438356
0.005846151300000006,81.7227959421477,2010.0438356
0.006430766430000007,89.6080214742658,2010.0438356
0.007073843073000009,98.2315011467728,2010.0438356
0.0077812273803000084,107.6577045157527,2010.0438356
0.00855935011833001,117.9557649939802,2010.0438356
0.00941528513016301,129.1996088080873,2010.0438356
0.01035681364317931,141.4680354104406,2010.0438356
0.01139249500749724,154.8447342301304,2010.0438356
0.012531744508246965,169.4182197333796,2010.0438356
0.013784918959071656,185.2816634709458,2010.0438356
0.015163410854978819,202.5325981153222,2010.0438356
0.016679751940476703,221.2724644486489,2010.0438356
0.01834772713452437,241.6059678937923,2010.0438356
0.020182499847976806,263.6402065611297,2010.0438356
0.022200749832774484,287.48352803256523,2010.0438356
0.024420824816051928,313.2440674001036,2010.0438356
0.02686290729765712,341.0279146680835,2010.0438356
0.02954919802742283,371.0114776098676,2010.0438356
0.03250411783016511,403.27438845265726,2010.0438356
0.03575452961318162,437.8777663005134,2010.0438356
0.039329982574499774,474.89930741402,2010.0438356
0.043262980831949745,514.3992730424835,2010.0438356
0.047589278915144716,556.4154370030759,2010.0438356
0.05234820680665919,600.9573167672182,2010.0438356
0.057583027487325106,647.9996731712251,2010.0438356
0.0633413302360576,697.4752886848249,2010.0438356
0.06967546325966335,749.2670663765193,2010.0438356
0.07664300958562968,803.199531772857,2010.0438356
0.08430731054419265,859.0298677140923,2010.0438356
0.0927380415986119,916.4386673902056,2010.0438356
0.10201184575847308,975.0206514589772,2010.0438356
0.11221303033432038,1034.275658907406,2010.0438356
0.12343433336775242,1093.6032101346264,2010.0438356
0.13577776670452762,1154.3033508821068,2010.0438356
0.14935554337498042,1214.0019832948703,2010.0438356
0.1642910977124784,1271.8196980468936,2010.0438356
0.18072020748372622,1326.7619009371588,2010.0438356
0.19879222823209883,1377.7203505561638,2010.0438356
0.21867145105530872,1423.477932581823,2010.0438356
0.24053859616083956,1462.7169558349049,2010.0438356
0.2645924557769235,1501.117856366521,2010.0438356
0.29105170135461583,1531.5095107747425,2010.0438356
0.3201568714900774,1552.4766291895926,2010.0438356
0.3521725586390851,1562.5922204727292,2010.0438356
0.3873898145029936,1562.2910042088445,2010.0438356
0.42612879595329284,1560.216066975028,2010.0438356
0.46874167554862206,1545.233072958171,2010.0438356
0.5156158431034843,1516.1550812482049,2010.0438356
0.5671774274138327,1477.114851835244,2010.0438356
0.6238951701552159,1436.602437158283,2010.0438356
0.6862846871707373,1381.5630833183127,2010.0438356
0.754913155887811,1311.2905047930049,2010.0438356
0.8304044714765921,1249.194964738026,2010.0438356
0.9134449186242511,1173.9866875097796,2010.0438356
0.0030000000000000005,42.266791296819,2010.11917807
0.003300000000000001,46.397222542405196,2010.11917807
0.003630000000000001,50.9252435790487,2010.11917807
0.003993000000000002,55.887873185039005,2010.11917807
0.004392300000000003,61.3253163253131,2010.11917807
0.004831530000000003,67.2811833082621,2010.11917807
0.005314683000000005,73.80271173415639,2010.11917807
0.005846151300000006,80.9409879444173,2010.11917807
0.006430766430000007,88.75116372874831,2010.11917807
0.007073843073000009,97.2926629058547,2010.11917807
0.0077812273803000084,106.62937103517329,2010.11917807
0.00855935011833001,116.82979991199879,2010.11917807
0.00941528513016301,127.96721661593841,2010.11917807
0.01035681364317931,140.1197246922458,2010.11917807
0.01139249500749724,153.3702825187903,2010.11917807
0.012531744508246965,167.8066410240815,2010.11917807
0.013784918959071656,183.5211796576408,2010.11917807
0.015163410854978819,200.61061586897762,2010.11917807
0.016679751940476703,219.17555933940918,2010.11917807
0.01834772713452437,239.319877870984,2010.11917807
0.020182499847976806,261.1498372418805,2010.11917807
0.022200749832774484,284.7729726054908,2010.11917807
0.024420824816051928,310.2966443152873,2010.11917807
0.02686290729765712,337.8693403489841,2010.11917807
0.02954919802742283,367.616095293928,2010.11917807
0.03250411783016511,399.5943363562967,2010.11917807
0.03575452961318162,433.8944450722107,2010.11917807
0.039329982574499774,470.5939151814792,2010.11917807
0.043262980831949745,509.75302479565545,2010.11917807
0.047589278915144716,551.4098290642925,2010.11917807
0.05234820680665919,595.5744396775646,2010.11917807
0.057583027487325106,642.2225753880124,2010.11917807
0.0633413302360576,691.2883921450386,2010.11917807
0.06967546325966335,742.656633181983,2010.11917807
0.07664300958562968,796.154178957394,2010.11917807
0.08430731054419265,851.5411242504762,2010.11917807
0.0927380415986119,908.5015643129735,2010.11917807
0.10201184575847308,966.634332296372,2010.11917807
0.11221303033432038,1025.4439936720482,2010.11917807
0.12343433336775242,1084.6595867147598,2010.11917807
0.13577776670452762,1144.948065542609,2010.11917807
0.14935554337498042,1204.254694012534,2010.11917807
0.1642910977124784,1261.7064851963667,2010.11917807
0.18072020748372622,1316.3155221630545,2010.11917807
0.19879222823209883,1366.980345329727,2010.11917807
0.21867145105530872,1412.4905509926248,2010.11917807
0.24053859616083956,1452.1178213228382,2010.11917807
0.2645924557769235,1490.3952560012465,2010.11917807
0.29105170135461583,1520.7015024631357,2010.11917807
0.3201568714900774,1541.6458741865572,2010.11917807
0.3521725586390851,1551.8045563515973,2010.11917807
0.3873898145029936,1552.346212366541,2010.11917807
0.42612879595329284,1550.414528728248,2010.11917807
0.46874167554862206,1535.6363760313313,2010.11917807
0.5156158431034843,1506.8233192236582,2010.11917807
0.5671774274138327,1468.8298995973717,2010.11917807
0.6238951701552159,1428.634696699113,2010.11917807
0.6862846871707373,1373.956442663806,2010.11917807
0.754913155887811,1304.3615110986725,2010.11917807
0.8304044714765921,1243.0478666011593,2010.11917807
0.9134449186242511,1168.2273391429069,2010.11917807
0.0030000000000000005,43.2145205471892,2010.19446345
0.003300000000000001,47.4374124952459,2010.19446345
0.003630000000000001,52.066740982488,2010.19446345
0.003993000000000002,57.140335356194,2010.19446345
0.004392300000000003,62.6992779691314,2010.19446345
0.004831530000000003,68.78812726818211,2010.19446345
0.005314683000000005,75.4551435473059,2010.19446345
0.005846151300000006,82.7525139678333,2010.19446345
0.006430766430000007,90.7365724712163,2010.19446345
0.007073843073000009,99.4680090380252,2010.19446345
0.0077812273803000084,109.0120613538108,2010.19446345
0.00855935011833001,119.4386802973004,2010.19446345
0.00941528513016301,130.8226587383192,2010.19446345
0.01035681364317931,143.2437108911406,2010.19446345
0.01139249500749724,156.786486885312,2010.19446345
0.012531744508246965,171.5405042666889,2010.19446345
0.013784918959071656,187.5999748111128,2010.19446345
0.015163410854978819,205.063501319383,2010.19446345
0.016679751940476703,224.03361498120282,2010.19446345
0.01834772713452437,244.61611949018518,2010.19446345
0.020182499847976806,266.91920343962613,2010.19446345
0.022200749832774484,291.05227775363056,2010.19446345
0.024420824816051928,317.1244901929285,2010.19446345
0.02686290729765712,345.24286457435085,2010.19446345
0.02954919802742283,375.5100085992969,2010.19446345
0.03250411783016511,408.1180830327587,2010.19446345
0.03575452961318162,443.1202632384243,2010.19446345
0.039329982574499774,480.5652619322363,2010.19446345
0.043262980831949745,520.5133027116814,2010.19446345
0.047589278915144716,563.0017720987228,2010.19446345
0.05234820680665919,608.039387008612,2010.19446345
0.057583027487325106,655.5996277877493,2010.19446345
0.0633413302360576,705.6134485404177,2010.19446345
0.06967546325966335,757.961309274217,2010.19446345
0.07664300958562968,812.4646151038955,2010.19446345
0.08430731054419265,868.8766963220038,2010.19446345
0.0927380415986119,926.8735188500766,2010.19446345
0.10201184575847308,986.0443758188884,2010.19446345
0.11221303033432038,1045.882875114642,2010.19446345
0.12343433336775242,1105.7786007990542,2010.19446345
0.13577776670452762,1166.5929524592768,2010.19446345
0.14935554337498042,1226.8040499703934,2010.19446345
0.1642910977124784,1285.0996551969815,2010.19446345
0.18072020748372622,1340.4764190539563,2010.19446345
0.19879222823209883,1391.817220050104,2010.19446345
0.21867145105530872,1437.8961703511952,2010.19446345
0.24053859616083956,1477.3871698772944,2010.19446345
0.2645924557769235,1515.1797633935764,2010.19446345
0.29105170135461583,1545.6798336777981,2010.19446345
0.3201568714900774,1566.673105918021,2010.19446345
0.3521725586390851,1576.728506721211,2010.19446345
0.3873898145029936,1575.3172950022229,2010.19446345
0.42612879595329284,1573.0512536786766,2010.19446345
0.46874167554862206,1557.7966259620837,2010.19446345
0.5156158431034843,1528.368510148852,2010.19446345
0.5671774274138327,1487.953643812408,2010.19446345
0.6238951701552159,1447.023455373393,2010.19446345
0.6862846871707373,1391.50921397177,2010.19446345
0.754913155887811,1320.7109722808564,2010.19446345
0.8304044714765921,1257.2273342889064,2010.19446345
0.9134449186242511,1181.5105426269427,2010.19446345
0.0030000000000000005,36.43381129121,2010.86569633
0.003300000000000001,39.9969336303713,2010.86569633
0.003630000000000001,43.9036398137466,2010.86569633
0.003993000000000002,48.1860498067581,2010.86569633
0.004392300000000003,52.8790759759096,2010.86569633
0.004831530000000003,58.0206214310519,2010.86569633
0.005314683000000005,63.6517826029248,2010.86569633
0.005846151300000006,69.8170535478058,2010.86569633
0.006430766430000007,76.56452870151,2010.86569633
0.007073843073000009,83.9460998778538,2010.86569633
0.0077812273803000084,92.01764219758219,2010.86569633
0.00855935011833001,100.8391823162313,2010.86569633
0.00941528513016301,110.4750407655374,2010.86569633
0.01035681364317931,120.9939384041955,2010.86569633
0.01139249500749724,132.4690548619532,2010.86569633
0.012531744508246965,144.97802443041118,2010.86569633
0.013784918959071656,158.6028520835626,2010.86569633
0.015163410854978819,173.42972918813808,2010.86569633
0.016679751940476703,189.5487249879687,2010.86569633
0.01834772713452437,207.05332613560552,2010.86569633
0.020182499847976806,226.03979244141232,2010.86569633
0.022200749832774484,246.60629269204028,2010.86569633
0.024420824816051928,268.85177997737196,2010.86569633
0.02686290729765712,292.87456163402334,2010.86569633
0.02954919802742283,318.7705149090451,2010.86569633
0.03250411783016511,346.6308960959793,2010.86569633
0.03575452961318162,376.5396886176693,2010.86569633
0.039329982574499774,408.57043485164843,2010.86569633
0.043262980831949745,442.78249805046846,2010.86569633
0.047589278915144716,479.216705245179,2010.86569633
0.05234820680665919,517.8903303738848,2010.86569633
0.057583027487325106,558.7913899512725,2010.86569633
0.0633413302360576,601.8722423033232,2010.86569633
0.06967546325966335,647.0425065812516,2010.86569633
0.07664300958562968,694.161350111216,2010.86569633
0.08430731054419265,743.0292324860171,2010.86569633
0.0927380415986119,793.9278178364467,2010.86569633
0.10201184575847308,846.5804393161085,2010.86569633
0.11221303033432038,900.2279875652234,2010.86569633
0.12343433336775242,954.3967916702444,2010.86569633
0.13577776670452762,1008.5174084751259,2010.86569633
0.14935554337498042,1061.9181181510571,2010.86569633
0.1642910977124784,1113.819898611757,2010.86569633
0.18072020748372622,1163.3333364270181,2010.86569633
0.19879222823209883,1209.4579282735544,2010.86569633
0.21867145105530872,1254.54742425164,2010.86569633
0.24053859616083956,1296.2974013346536,2010.86569633
0.2645924557769235,1332.18558763258,2010.86569633
0.29105170135461583,1360.9523098982743,2010.86569633
0.3201568714900774,1381.2739534008608,2010.86569633
0.3521725586390851,1393.7784496393188,2010.86569633
0.3873898145029936,1404.3865716869527,2010.86569633
0.42612879595329284,1404.3122429463033,2010.86569633
0.46874167554862206,1392.3179459039684,2010.86569633
0.5156158431034843,1367.2267802590727,2010.86569633
0.5671774274138327,1344.4979344605038,2010.86569633
0.6238951701552159,1308.8391139442426,2010.86569633
0.6862846871707373,1259.3794762327307,2010.86569633
0.754913155887811,1206.0174601066049,2010.86569633
0.8304044714765921,1150.0195017435124,2010.86569633
0.9134449186242511,1080.916011645539,2010.86569633
0.0030000000000000005,37.6292337245563,2010.94109587
0.003300000000000001,41.3070297834158,2010.94109587
0.003630000000000001,45.339240077345394,2010.94109587
0.003993000000000002,49.7613891064305,2010.94109587
0.004392300000000003,54.6074598965426,2010.94109587
0.004831530000000003,59.916561316393505,2010.94109587
0.005314683000000005,65.731092139255,2010.94109587
0.005846151300000006,72.0969503926462,2010.94109587
0.006430766430000007,79.0637407979815,2010.94109587
0.007073843073000009,86.6849759073635,2010.94109587
0.0077812273803000084,95.01826539344101,2010.94109587
0.00855935011833001,104.1254865819152,2010.94109587
0.00941528513016301,114.07292770644379,2010.94109587
0.01035681364317931,124.9313934833942,2010.94109587
0.01139249500749724,136.7762604209423,2010.94109587
0.012531744508246965,149.6874667678992,2010.94109587
0.013784918959071656,163.7494191521514,2010.94109587
0.015163410854978819,179.050794745353,2010.94109587
0.016679751940476703,195.6842142215738,2010.94109587
0.01834772713452437,213.7457568744519,2010.94109587
0.020182499847976806,233.33428506815352,2010.94109587
0.022200749832774484,254.55054080596068,2010.94109587
0.024420824816051928,277.4959727365608,2010.94109587
0.02686290729765712,302.2712475702895,2010.94109587
0.02954919802742283,328.9743959050971,2010.94109587
0.03250411783016511,357.6985392089165,2010.94109587
0.03575452961318162,388.5291426127716,2010.94109587
0.039329982574499774,421.5407377858068,2010.94109587
0.043262980831949745,456.7930621499035,2010.94109587
0.047589278915144716,494.3265658162207,2010.94109587
0.05234820680665919,534.1572467492248,2010.94109587
0.057583027487325106,576.270788703689,2010.94109587
0.0633413302360576,620.6159963560874,2010.94109587
0.06967546325966335,667.0975486001278,2010.94109587
0.07664300958562968,715.5681248348627,2010.94109587
0.08430731054419265,765.8200005355753,2010.94109587
0.0927380415986119,817.5762572341973,2010.94109587
0.10201184575847308,871.3087161230159,2010.94109587
0.11221303033432038,926.3328040406557,2010.94109587
0.12343433336775242,981.86205789074,2010.94109587
0.13577776670452762,1037.3102403089958,2010.94109587
0.14935554337498042,1091.9871849863684,2010.94109587
0.1642910977124784,1145.0940075403535,2010.94109587
0.18072020748372622,1195.720345352833,2010.94109587
0.19879222823209883,1242.8440814778623,2010.94109587
0.21867145105530872,1286.9668967952682,2010.94109587
0.24053859616083956,1329.428905359265,2010.94109587
0.2645924557769235,1365.8678308758913,2010.94109587
0.29105170135461583,1395.0066316422106,2010.94109587
0.3201568714900774,1415.5065235632442,2010.94109587
0.3521725586390851,1425.9846328853348,2010.94109587
0.3873898145029936,1436.082926478619,2010.94109587
0.42612879595329284,1435.6543671507875,2010.94109587
0.46874167554862206,1423.105858337794,2010.94109587
0.5156158431034843,1397.2356180431916,2010.94109587
0.5671774274138327,1371.3042270064082,2010.94109587
0.6238951701552159,1334.7031968008373,2010.94109587
0.6862846871707373,1284.1505713819238,2010.94109587
0.754913155887811,1227.3253021984817,2010.94109587
0.8304044714765921,1170.2022985193464,2010.94109587
0.9134449186242511,1099.8827456080212,2010.94109587
0.0030000000000000005,38.302275444693,2011.01643834
0.003300000000000001,42.045781840291596,2011.01643834
0.003630000000000001,46.1498240087632,2011.01643834
0.003993000000000002,50.6480187006076,2011.01643834
0.004392300000000003,55.5768868980372,2011.01643834
0.004831530000000003,60.9760560339696,2011.01643834
0.005314683000000005,66.8884654437884,2011.01643834
0.005846151300000006,73.360572188397,2011.01643834
0.006430766430000007,80.4428216440903,2011.01643834
0.007073843073000009,88.1962591949402,2011.01643834
0.0077812273803000084,96.6739228936316,2011.01643834
0.00855935011833001,105.9387080747637,2011.01643834
0.00941528513016301,116.0579849107147,2011.01643834
0.01035681364317931,127.10370338534699,2011.01643834
0.01139249500749724,139.1524467375086,2011.01643834
0.012531744508246965,152.2854179755445,2011.01643834
0.013784918959071656,166.5883411617344,2011.01643834
0.015163410854978819,182.151255902816,2011.01643834
0.016679751940476703,199.0681798630284,2011.01643834
0.01834772713452437,217.4366101629059,2011.01643834
0.020182499847976806,237.3568302914419,2011.01643834
0.022200749832774484,258.93098472902545,2011.01643834
0.024420824816051928,282.2618789889254,2011.01643834
0.02686290729765712,307.4514584308577,2011.01643834
0.02954919802742283,334.5989152489452,2011.01643834
0.03250411783016511,363.7983698420493,2011.01643834
0.03575452961318162,395.1360707897415,2011.01643834
0.039329982574499774,428.6870574432422,2011.01643834
0.043262980831949745,464.51123137126996,2011.01643834
0.047589278915144716,502.64878835773817,2011.01643834
0.05234820680665919,543.114972203481,2011.01643834
0.057583027487325106,585.8941261639051,2011.01643834
0.0633413302360576,630.9330383798757,2011.01643834
0.06967546325966335,678.1336049594753,2011.01643834
0.07664300958562968,727.3448690616465,2011.01643834
0.08430731054419265,778.3545366758943,2011.01643834
0.0927380415986119,830.8801195019562,2011.01643834
0.10201184575847308,884.8966226886135,2011.01643834
0.11221303033432038,940.6720814923818,2011.01643834
0.12343433336775242,996.9430193190371,2011.01643834
0.13577776670452762,1053.113940688684,2011.01643834
0.14935554337498042,1108.4845340019851,2011.01643834
0.1642910977124784,1162.2450171850944,2011.01643834
0.18072020748372622,1213.473562872218,2011.01643834
0.19879222823209883,1261.1362584493022,2011.01643834
0.21867145105530872,1304.7145378312166,2011.01643834
0.24053859616083956,1347.5569433491835,2011.01643834
0.2645924557769235,1384.287355670206,2011.01643834
0.29105170135461583,1413.6194030308125,2011.01643834
0.3201568714900774,1434.206209159233,2011.01643834
0.3521725586390851,1444.6583716187386,2011.01643834
0.3873898145029936,1453.3708173485597,2011.01643834
0.42612879595329284,1452.7389391091415,2011.01643834
0.46874167554862206,1439.878363587673,2011.01643834
0.5156158431034843,1413.5888041436885,2011.01643834
0.5671774274138327,1385.8849712294261,2011.01643834
0.6238951701552159,1348.7631099339978,2011.01643834
0.6862846871707373,1297.6084813383964,2011.01643834
0.754913155887811,1238.8908115302036,2011.01643834
0.8304044714765921,1181.150931694063,2011.01643834
0.9134449186242511,1110.1660350891402,2011.01643834
0.0030000000000000005,35.853827657930296,2011.09041094
0.003300000000000001,39.3602973631259,2011.09041094
0.003630000000000001,43.2049154352446,2011.09041094
0.003993000000000002,47.4193006706668,2011.09041094
0.004392300000000003,52.0378222775134,2011.09041094
0.004831530000000003,57.0977955917887,2011.09041094
0.005314683000000005,62.6396820656029,2011.09041094
0.005846151300000006,68.7072910774321,2011.09041094
0.006430766430000007,75.34798035956949,2011.09041094
0.007073843073000009,82.6128509282368,2011.09041094
0.0077812273803000084,90.55693131309741,2011.09041094
0.00855935011833001,99.2393445890291,2011.09041094
0.00941528513016301,108.723450186293,2011.09041094
0.01035681364317931,119.0769506672594,2011.09041094
0.01139249500749724,130.3719515806236,2011.09041094
0.012531744508246965,142.68496011168972,2011.09041094
0.013784918959071656,156.09680551853612,2011.09041094
0.015163410854978819,170.6924612651412,2011.09041094
0.016679751940476703,186.5607453324476,2011.09041094
0.01834772713452437,203.7938714229463,2011.09041094
0.020182499847976806,222.4868197143102,2011.09041094
0.022200749832774484,242.7364915363151,2011.09041094
0.024420824816051928,264.6406079591182,2011.09041094
0.02686290729765712,288.29630796057796,2011.09041094
0.02954919802742283,313.7983978233679,2011.09041094
0.03250411783016511,341.2372000170489,2011.09041094
0.03575452961318162,370.69594745679393,2011.09041094
0.039329982574499774,402.2476682133737,2011.09041094
0.043262980831949745,435.9515071022177,2011.09041094
0.047589278915144716,471.848434834951,2011.09041094
0.05234820680665919,509.9563034024193,2011.09041094
0.057583027487325106,550.2642189679397,2011.09041094
0.0633413302360576,592.7262216941613,2011.09041094
0.06967546325966335,637.2542864578512,2011.09041094
0.07664300958562968,683.7106900100815,2011.09041094
0.08430731054419265,731.9168586444101,2011.09041094
0.0927380415986119,782.5186673325458,2011.09041094
0.10201184575847308,834.4943320182547,2011.09041094
0.11221303033432038,887.4647690255409,2011.09041094
0.12343433336775242,940.9635943151093,2011.09041094
0.13577776670452762,994.4295458457956,2011.09041094
0.14935554337498042,1047.19991014595,2011.09041094
0.1642910977124784,1098.505385384928,2011.09041094
0.18072020748372622,1147.466835568506,2011.09041094
0.19879222823209883,1193.0943890637516,2011.09041094
0.21867145105530872,1238.6446789577792,2011.09041094
0.24053859616083956,1280.0372252673515,2011.09041094
0.2645924557769235,1315.6465563713712,2011.09041094
0.29105170135461583,1344.221672091915,2011.09041094
0.3201568714900774,1364.4465821322328,2011.09041094
0.3521725586390851,1378.1068597174965,2011.09041094
0.3873898145029936,1388.782763344464,2011.09041094
0.42612879595329284,1388.8739563933668,2011.09041094
0.46874167554862206,1377.1439031687898,2011.09041094
0.5156158431034843,1353.617928786074,2011.09041094
0.5671774274138327,1331.2662493627565,2011.09041094
0.6238951701552159,1296.065153558433,2011.09041094
0.6862846871707373,1247.1383969397662,2011.09041094
0.754913155887811,1195.4781641184013,2011.09041094
0.8304044714765921,1140.031158537716,2011.09041094
0.9134449186242511,1071.5244629767142,2011.09041094
0.0030000000000000005,28.0561738590926,2011.16569633
0.003300000000000001,30.8004537554547,2011.16569633
0.003630000000000001,33.8096367253972,2011.16569633
0.003993000000000002,37.108562560805495,2011.16569633
0.004392300000000003,40.7242479858172,2011.16569633
0.004831530000000003,44.6860452482311,2011.16569633
0.005314683000000005,49.025805134049904,2011.16569633
0.005846151300000006,53.778042677996496,2011.16569633
0.006430766430000007,58.980103278899904,2011.16569633
0.007073843073000009,64.67232624517021,2011.16569633
0.0077812273803000084,70.89820197242699,2011.16569633
0.00855935011833001,77.70451797090459,2011.16569633
0.00941528513016301,85.14148779084931,2011.16569633
0.01035681364317931,93.2628555146494,2011.16569633
0.01139249500749724,102.1259668689367,2011.16569633
0.012531744508246965,111.7917961326874,2011.16569633
0.013784918959071656,122.3249158544436,2011.16569633
0.015163410854978819,133.79339392301029,2011.16569633
0.016679751940476703,146.2685997479147,2011.16569633
0.01834772713452437,159.8248981955047,2011.16569633
0.020182499847976806,174.5392065061708,2011.16569633
0.022200749832774484,190.49038572155519,2011.16569633
0.024420824816051928,207.7584342405287,2011.16569633
0.02686290729765712,226.4269698025906,2011.16569633
0.02954919802742283,246.6679226849246,2011.16569633
0.03250411783016511,268.48903958198525,2011.16569633
0.03575452961318162,291.96758128419,2011.16569633
0.039329982574499774,317.17468461449,2011.16569633
0.043262980831949745,344.1726674954952,2011.16569633
0.047589278915144716,373.0118418309945,2011.16569633
0.05234820680665919,403.72678915307307,2011.16569633
0.057583027487325106,436.33206024406377,2011.16569633
0.0633413302360576,470.8172701122417,2011.16569633
0.06967546325966335,507.1415745868798,2011.16569633
0.07664300958562968,545.2275351716637,2011.16569633
0.08430731054419265,584.954405301666,2011.16569633
0.0927380415986119,626.1509041961242,2011.16569633
0.10201184575847308,668.5875841158585,2011.16569633
0.11221303033432038,711.9689425092831,2011.16569633
0.12343433336775242,755.9254810459651,2011.16569633
0.13577776670452762,800.0059668124493,2011.16569633
0.14935554337498042,845.0265749666978,2011.16569633
0.1642910977124784,890.3680051061832,2011.16569633
0.18072020748372622,934.5452662607536,2011.16569633
0.19879222823209883,976.8119932386844,2011.16569633
0.21867145105530872,1016.3247062479694,2011.16569633
0.24053859616083956,1052.143611662693,2011.16569633
0.2645924557769235,1083.2360126638655,2011.16569633
0.29105170135461583,1110.7874931738204,2011.16569633
0.3201568714900774,1136.618696498427,2011.16569633
0.3521725586390851,1155.6105710450436,2011.16569633
0.3873898145029936,1166.602024350302,2011.16569633
0.42612879595329284,1168.400483424078,2011.16569633
0.46874167554862206,1164.573459857953,2011.16569633
0.5156158431034843,1157.728131140444,2011.16569633
0.5671774274138327,1140.2294742711872,2011.16569633
0.6238951701552159,1111.0833889627258,2011.16569633
0.6862846871707373,1077.7582954090979,2011.16569633
0.754913155887811,1041.6537365057516,2011.16569633
0.8304044714765921,993.8240644986607,2011.16569633
0.9134449186242511,936.8923019740812,2011.16569633
0.0030000000000000005,22.8135326384817,2011.24098172
0.003300000000000001,25.0468245890141,2011.24098172
0.003630000000000001,27.496110754213,2011.24098172
0.003993000000000002,30.181735543244997,2011.24098172
0.004392300000000003,33.1258459405592,2011.24098172
0.004831530000000003,36.352527219476,2011.24098172
0.005314683000000005,39.8879435889042,2011.24098172
0.005846151300000006,43.7604826167371,2011.24098172
0.006430766430000007,48.000901856217105,2011.24098172
0.007073843073000009,52.642475592320096,2011.24098172
0.0077812273803000084,57.721139008088095,2011.24098172
0.00855935011833001,63.2756263280526,2011.24098172
0.00941528513016301,69.34759860778709,2011.24098172
0.01035681364317931,75.98175578390071,2011.24098172
0.01139249500749724,83.2259263548043,2011.24098172
0.012531744508246965,91.13112660595691,2011.24098172
0.013784918959071656,99.75157960089321,2011.24098172
0.015163410854978819,109.1446822094611,2011.24098172
0.016679751940476703,119.37090621917031,2011.24098172
0.01834772713452437,130.4936170621087,2011.24098172
0.020182499847976806,142.5787908856387,2011.24098172
0.022200749832774484,155.6946076109168,2011.24098172
0.024420824816051928,169.9108942892239,2011.24098172
0.02686290729765712,185.29838953819038,2011.24098172
0.02954919802742283,201.9277962082103,2011.24098172
0.03250411783016511,219.86858582690718,2011.24098172
0.03575452961318162,239.1875149831673,2011.24098172
0.039329982574499774,259.94681089311825,2011.24098172
0.043262980831949745,282.20198126460326,2011.24098172
0.047589278915144716,305.9992026542963,2011.24098172
0.05234820680665919,331.37224229269657,2011.24098172
0.057583027487325106,358.3388714267877,2011.24098172
0.0633413302360576,386.8967342694119,2011.24098172
0.06967546325966335,417.018646379761,2011.24098172
0.07664300958562968,448.6473104844334,2011.24098172
0.08430731054419265,481.6894571008062,2011.24098172
0.0927380415986119,516.4633717360622,2011.24098172
0.10201184575847308,552.9331172604775,2011.24098172
0.11221303033432038,590.5222905503833,2011.24098172
0.12343433336775242,628.9740109735859,2011.24098172
0.13577776670452762,667.9664308677501,2011.24098172
0.14935554337498042,707.1058597666939,2011.24098172
0.1642910977124784,745.920310855802,2011.24098172
0.18072020748372622,783.8537787653389,2011.24098172
0.19879222823209883,820.261592644793,2011.24098172
0.21867145105530872,854.4072106510646,2011.24098172
0.24053859616083956,887.9557788433688,2011.24098172
0.2645924557769235,920.1734448297432,2011.24098172
0.29105170135461583,948.4445852261896,2011.24098172
0.3201568714900774,971.8089820331733,2011.24098172
0.3521725586390851,989.2379701825832,2011.24098172
0.3873898145029936,999.6445779674492,2011.24098172
0.42612879595329284,1008.8223310365578,2011.24098172
0.46874167554862206,1012.6036808725331,2011.24098172
0.5156158431034843,1007.7377015210449,2011.24098172
0.5671774274138327,993.200176578793,2011.24098172
0.6238951701552159,973.5868946835245,2011.24098172
0.6862846871707373,952.4323734370041,2011.24098172
0.754913155887811,921.0098017861385,2011.24098172
0.8304044714765921,878.5809316195865,2011.24098172
0.9134449186242511,839.9204979214726,2011.24098172
0.0030000000000000005,21.917649537266,2011.31495432
0.003300000000000001,24.0632079474889,2011.31495432
0.003630000000000001,26.4162928912957,2011.31495432
0.003993000000000002,28.9964571985332,2011.31495432
0.004392300000000003,31.8249876124448,2011.31495432
0.004831530000000003,34.9250356723632,2011.31495432
0.005314683000000005,38.321753438634,2011.31495432
0.005846151300000006,42.042432967435104,2011.31495432
0.006430766430000007,46.116648045041,2011.31495432
0.007073843073000009,50.5763962048093,2011.31495432
0.0077812273803000084,55.4562384603745,2011.31495432
0.00855935011833001,60.7934334780305,2011.31495432
0.00941528513016301,66.628062061007,2011.31495432
0.01035681364317931,73.0031368075783,2011.31495432
0.01139249500749724,79.9646906115458,2011.31495432
0.012531744508246965,87.5618362746704,2011.31495432
0.013784918959071656,95.8467878731121,2011.31495432
0.015163410854978819,104.8748326421505,2011.31495432
0.016679751940476703,114.70423999667551,2011.31495432
0.01834772713452437,125.396091875803,2011.31495432
0.020182499847976806,137.0140158837107,2011.31495432
0.022200749832774484,149.6237997033171,2011.31495432
0.024420824816051928,163.292862010516,2011.31495432
0.02686290729765712,178.08955166444701,2011.31495432
0.02954919802742283,194.0822433757595,2011.31495432
0.03250411783016511,211.338194483011,2011.31495432
0.03575452961318162,229.9221240710852,2011.31495432
0.039329982574499774,249.8944726802304,2011.31495432
0.043262980831949745,271.3092985875598,2011.31495432
0.047589278915144716,294.21176548362996,2011.31495432
0.05234820680665919,318.635176792053,2011.31495432
0.057583027487325106,344.597514456323,2011.31495432
0.0633413302360576,372.0974453941367,2011.31495432
0.06967546325966335,401.10976770865557,2011.31495432
0.07664300958562968,431.5802818920787,2011.31495432
0.08430731054419265,464.0281244313436,2011.31495432
0.0927380415986119,497.9963327964602,2011.31495432
0.10201184575847308,533.2513334454159,2011.31495432
0.11221303033432038,569.6024360288245,2011.31495432
0.12343433336775242,606.8027025579138,2011.31495432
0.13577776670452762,644.5419809612334,2011.31495432
0.14935554337498042,682.4400482955884,2011.31495432
0.1642910977124784,720.0401185515984,2011.31495432
0.18072020748372622,756.8030131537826,2011.31495432
0.19879222823209883,792.1023285357913,2011.31495432
0.21867145105530872,825.5080432028399,2011.31495432
0.24053859616083956,859.8879799004027,2011.31495432
0.2645924557769235,891.3128528856379,2011.31495432
0.29105170135461583,918.9171153045368,2011.31495432
0.3201568714900774,941.7585958936509,2011.31495432
0.3521725586390851,958.8254966309744,2011.31495432
0.3873898145029936,969.3164099663873,2011.31495432
0.42612879595329284,980.6542446184945,2011.31495432
0.46874167554862206,984.5443502399847,2011.31495432
0.5156158431034843,979.967996514452,2011.31495432
0.5671774274138327,965.9039995690583,2011.31495432
0.6238951701552159,949.4793238996748,2011.31495432
0.6862846871707373,928.9889326837636,2011.31495432
0.754913155887811,898.3803059040662,2011.31495432
0.8304044714765921,856.9063293969022,2011.31495432
0.9134449186242511,821.5964356525963,2011.31495432
0.0030000000000000005,11.6212185364882,2011.83692921
0.003300000000000001,12.7593005857567,2011.83692921
0.003630000000000001,14.0077138110978,2011.83692921
0.003993000000000002,15.3769211508467,2011.83692921
0.004392300000000003,16.878329140728102,2011.83692921
0.004831530000000003,18.5243627397868,2011.83692921
0.005314683000000005,20.3285438409459,2011.83692921
0.005846151300000006,22.3055730984938,2011.83692921
0.006430766430000007,24.471414529117702,2011.83692921
0.007073843073000009,26.8433821251644,2011.83692921
0.0077812273803000084,29.440227450547,2011.83692921
0.00855935011833001,32.2822268618157,2011.83692921
0.00941528513016301,35.3912665987624,2011.83692921
0.01035681364317931,38.7909235084918,2011.83692921
0.01139249500749724,42.5065385907331,2011.83692921
0.012531744508246965,46.5652798654286,2011.83692921
0.013784918959071656,50.9961902502046,2011.83692921
0.015163410854978819,55.830215178085,2011.83692921
0.016679751940476703,61.1002035670414,2011.83692921
0.01834772713452437,66.8408744551085,2011.83692921
0.020182499847976806,73.0887401213391,2011.83692921
0.022200749832774484,79.8819748098708,2011.83692921
0.024420824816051928,87.26021625226029,2011.83692921
0.02686290729765712,95.26428503939451,2011.83692921
0.02954919802742283,103.935804536262,2011.83692921
0.03250411783016511,113.3167014825035,2011.83692921
0.03575452961318162,123.47085079340191,2011.83692921
0.039329982574499774,134.5116216466466,2011.83692921
0.043262980831949745,146.4151071982611,2011.83692921
0.047589278915144716,159.2233676109903,2011.83692921
0.05234820680665919,172.97496043444218,2011.83692921
0.057583027487325106,187.703389505468,2011.83692921
0.0633413302360576,203.435256697355,2011.83692921
0.06967546325966335,220.1880839289552,2011.83692921
0.07664300958562968,237.9677745775706,2011.83692921
0.08430731054419265,256.7656871415366,2011.83692921
0.0927380415986119,276.5553001711775,2011.83692921
0.10201184575847308,297.28845665251157,2011.83692921
0.11221303033432038,318.89118869315257,2011.83692921
0.12343433336775242,341.2591399619979,2011.83692921
0.13577776670452762,364.2526241729141,2011.83692921
0.14935554337498042,387.6913830531068,2011.83692921
0.1642910977124784,411.34913645304835,2011.83692921
0.18072020748372622,434.9480498662738,2011.83692921
0.19879222823209883,458.1532794455955,2011.83692921
0.21867145105530872,482.7817600061646,2011.83692921
0.24053859616083956,506.7682960961738,2011.83692921
0.2645924557769235,529.6063950686712,2011.83692921
0.29105170135461583,550.7852201509958,2011.83692921
0.3201568714900774,569.7276433336432,2011.83692921
0.3521725586390851,585.7900221621645,2011.83692921
0.3873898145029936,598.2635827966874,2011.83692921
0.42612879595329284,610.1375567983823,2011.83692921
0.46874167554862206,620.1060416551849,2011.83692921
0.5156158431034843,625.3706719689716,2011.83692921
0.5671774274138327,625.1596578617342,2011.83692921
0.6238951701552159,618.6737931450913,2011.83692921
0.6862846871707373,611.7468422252687,2011.83692921
0.754913155887811,602.0982435140872,2011.83692921
0.8304044714765921,585.6401260490593,2011.83692921
0.9134449186242511,561.7147829664054,2011.83692921
0.0030000000000000005,12.0587998150396,2011.91232875
0.003300000000000001,13.2398321487102,2011.91232875
0.003630000000000001,14.5353640713171,2011.91232875
0.003993000000000002,15.956253261180299,2011.91232875
0.004392300000000003,17.5143363344073,2011.91232875
0.004831530000000003,19.2225064056959,2011.91232875
0.005314683000000005,21.094794451883303,2011.91232875
0.005846151300000006,23.1464540926905,2011.91232875
0.006430766430000007,25.3940492202345,2011.91232875
0.007073843073000009,27.8555436821403,2011.91232875
0.0077812273803000084,30.5503919441305,2011.91232875
0.00855935011833001,33.4996293171812,2011.91232875
0.00941528513016301,36.7259599207596,2011.91232875
0.01035681364317931,40.2538400549032,2011.91232875
0.01139249500749724,44.109554056142,2011.91232875
0.012531744508246965,48.3212790002693,2011.91232875
0.013784918959071656,52.919133772249204,2011.91232875
0.015163410854978819,57.935207032658305,2011.91232875
0.016679751940476703,63.4035574530533,2011.91232875
0.01834772713452437,69.36017825184369,2011.91232875
0.020182499847976806,75.84291652123589,2011.91232875
0.022200749832774484,82.89133608103991,2011.91232875
0.024420824816051928,90.54651061780899,2011.91232875
0.02686290729765712,98.85073166664999,2011.91232875
0.02954919802742283,107.847113577691,2011.91232875
0.03250411783016511,117.5790750043994,2011.91232875
0.03575452961318162,128.0896737018943,2011.91232875
0.039329982574499774,139.4207686018635,2011.91232875
0.043262980831949745,151.6119803422848,2011.91232875
0.047589278915144716,164.7724707752185,2011.91232875
0.05234820680665919,178.9940610043877,2011.91232875
0.057583027487325106,194.2241296749779,2011.91232875
0.0633413302360576,210.4898220737,2011.91232875
0.06967546325966335,227.80886531531118,2011.91232875
0.07664300958562968,246.186953708129,2011.91232875
0.08430731054419265,265.6147391718482,2011.91232875
0.0927380415986119,286.064406800582,2011.91232875
0.10201184575847308,307.4858254584193,2011.91232875
0.11221303033432038,329.80227670159104,2011.91232875
0.12343433336775242,352.9057827647702,2011.91232875
0.13577776670452762,376.65207610000726,2011.91232875
0.14935554337498042,400.8552790440404,2011.91232875
0.1642910977124784,425.2823922991238,2011.91232875
0.18072020748372622,449.647724283968,2011.91232875
0.19879222823209883,473.60742874621707,2011.91232875
0.21867145105530872,497.66434394712627,2011.91232875
0.24053859616083956,522.3153031694294,2011.91232875
0.2645924557769235,545.7804235261656,2011.91232875
0.29105170135461583,567.5375029509588,2011.91232875
0.3201568714900774,586.9975759759558,2011.91232875
0.3521725586390851,603.5049492284691,2011.91232875
0.3873898145029936,616.338889570326,2011.91232875
0.42612879595329284,626.7241324728147,2011.91232875
0.46874167554862206,636.8800528739608,2011.91232875
0.5156158431034843,642.2329204858509,2011.91232875
0.5671774274138327,642.0037350396401,2011.91232875
0.6238951701552159,635.3876881331817,2011.91232875
0.6862846871707373,626.3671933314088,2011.91232875
0.754913155887811,616.4582381647798,2011.91232875
0.8304044714765921,599.6412837864129,2011.91232875
0.9134449186242511,575.2606482840816,2011.91232875
0.0030000000000000005,13.4378644345931,2011.98626954
0.003300000000000001,14.7542345095501,2011.98626954
0.003630000000000001,16.198232908675998,2011.98626954
0.003993000000000002,17.7819591792599,2011.98626954
0.004392300000000003,19.518602682713297,2011.98626954
0.004831530000000003,21.4225286678438,2011.98626954
0.005314683000000005,23.5093684977963,2011.98626954
0.005846151300000006,25.796113584864898,2011.98626954
0.006430766430000007,28.3012123811762,2011.98626954
0.007073843073000009,31.0446695180153,2011.98626954
0.0077812273803000084,34.0481458730805,2011.98626954
0.00855935011833001,37.3350579626292,2011.98626954
0.00941528513016301,40.930674592306694,2011.98626954
0.01035681364317931,44.8622081429046,2011.98626954
0.01139249500749724,49.1588972003996,2011.98626954
0.012531744508246965,53.8520764469595,2011.98626954
0.013784918959071656,58.9752287936098,2011.98626954
0.015163410854978819,64.56401363754,2011.98626954
0.016679751940476703,70.65626384901421,2011.98626954
0.01834772713452437,77.29194261669029,2011.98626954
0.020182499847976806,84.51304958998409,2011.98626954
0.022200749832774484,92.3634638408935,2011.98626954
0.024420824816051928,100.8887090195494,2011.98626954
0.02686290729765712,110.1356237010755,2011.98626954
0.02954919802742283,120.15191733274901,2011.98626954
0.03250411783016511,130.9855894246611,2011.98626954
0.03575452961318162,142.6841867427926,2011.98626954
0.039329982574499774,155.29387035023422,2011.98626954
0.043262980831949745,168.8582615284679,2011.98626954
0.047589278915144716,183.4170330715844,2011.98626954
0.05234820680665919,199.0042104130539,2011.98626954
0.057583027487325106,215.6461458117338,2011.98626954
0.0633413302360576,233.3591287551202,2011.98626954
0.06967546325966335,252.1465972691508,2011.98626954
0.07664300958562968,271.99591845930297,2011.98626954
0.08430731054419265,293.3134754389878,2011.98626954
0.0927380415986119,315.8137110874882,2011.98626954
0.10201184575847308,339.37045850816037,2011.98626954
0.11221303033432038,363.8979283056198,2011.98626954
0.12343433336775242,389.2763394674659,2011.98626954
0.13577776670452762,415.346626365667,2011.98626954
0.14935554337498042,441.9048936105443,2011.98626954
0.1642910977124784,468.69673653254716,2011.98626954
0.18072020748372622,495.4115805479816,2011.98626954
0.19879222823209883,521.6772292506863,2011.98626954
0.21867145105530872,547.0548464718338,2011.98626954
0.24053859616083956,571.0346288558666,2011.98626954
0.2645924557769235,595.8662770335627,2011.98626954
0.29105170135461583,619.356373515446,2011.98626954
0.3201568714900774,640.3557603295939,2011.98626954
0.3521725586390851,658.1721606893121,2011.98626954
0.3873898145029936,672.0488405765574,2011.98626954
0.42612879595329284,681.1691999186672,2011.98626954
0.46874167554862206,688.3702160923135,2011.98626954
0.5156158431034843,693.9229803012785,2011.98626954
0.5671774274138327,693.5661857161014,2011.98626954
0.6238951701552159,686.4796669378306,2011.98626954
0.6862846871707373,671.8341012589016,2011.98626954
0.754913155887811,660.166357814901,2011.98626954
0.8304044714765921,642.1953067815376,2011.98626954
0.9134449186242511,616.3717497188476,2011.98626954
0.0030000000000000005,18.804725164323102,2012.06147539
0.003300000000000001,20.645328785548,2012.06147539
0.003630000000000001,22.664000180726102,2012.06147539
0.003993000000000002,24.8775325916137,2012.06147539
0.004392300000000003,27.3042125659187,2012.06147539
0.004831530000000003,29.9639336332127,2012.06147539
0.005314683000000005,32.878314425343,2012.06147539
0.005846151300000006,36.0708203571348,2012.06147539
0.006430766430000007,39.566887649365,2012.06147539
0.007073843073000009,43.3940480670465,2012.06147539
0.0077812273803000084,47.582052248595296,2012.06147539
0.00855935011833001,52.162988900334504,2012.06147539
0.00941528513016301,57.171396409116305,2012.06147539
0.01035681364317931,62.6443625650302,2012.06147539
0.01139249500749724,68.62160706606551,2012.06147539
0.012531744508246965,75.1455402759382,2012.06147539
0.013784918959071656,82.26129030319761,2012.06147539
0.015163410854978819,90.0166888426828,2012.06147539
0.016679751940476703,98.4622043495278,2012.06147539
0.01834772713452437,107.6508089848736,2012.06147539
0.020182499847976806,117.6377633708643,2012.06147539
0.022200749832774484,128.48030051933128,2012.06147539
0.024420824816051928,140.2371873662348,2012.06147539
0.02686290729765712,152.9681391837052,2012.06147539
0.02954919802742283,166.7330588099025,2012.06147539
0.03250411783016511,181.5910692233868,2012.06147539
0.03575452961318162,197.5993046244905,2012.06147539
0.039329982574499774,214.8959826488396,2012.06147539
0.043262980831949745,233.55735015280192,2012.06147539
0.047589278915144716,253.56585154317617,2012.06147539
0.05234820680665919,274.96372825987817,2012.06147539
0.057583027487325106,297.7822327067473,2012.06147539
0.0633413302360576,322.0384362242777,2012.06147539
0.06967546325966335,347.7315526119356,2012.06147539
0.07664300958562968,374.8387539856679,2012.06147539
0.08430731054419265,403.3104683486475,2012.06147539
0.0927380415986119,433.0651654057404,2012.06147539
0.10201184575847308,463.9836593821544,2012.06147539
0.11221303033432038,495.9029852285966,2012.06147539
0.12343433336775242,528.6099376043248,2012.06147539
0.13577776670452762,561.8343999718686,2012.06147539
0.14935554337498042,595.2426329755018,2012.06147539
0.1642910977124784,628.4307352695402,2012.06147539
0.18072020748372622,661.7513118541758,2012.06147539
0.19879222823209883,695.8762962108682,2012.06147539
0.21867145105530872,728.7633272935192,2012.06147539
0.24053859616083956,759.7771872026512,2012.06147539
0.2645924557769235,788.201471735519,2012.06147539
0.29105170135461583,813.2391217406764,2012.06147539
0.3201568714900774,834.0150703343004,2012.06147539
0.3521725586390851,851.2553212774616,2012.06147539
0.3873898145029936,868.0123397138934,2012.06147539
0.42612879595329284,878.9121116718736,2012.06147539
0.46874167554862206,882.9913830042408,2012.06147539
0.5156158431034843,879.2590597527391,2012.06147539
0.5671774274138327,871.0500248162283,2012.06147539
0.6238951701552159,861.5471932354453,2012.06147539
0.6862846871707373,843.3009198613723,2012.06147539
0.754913155887811,815.4964644944936,2012.06147539
0.8304044714765921,785.4078186093835,2012.06147539
0.9134449186242511,754.0973915243774,2012.06147539
0.0030000000000000005,20.5659702795245,2012.13661201
0.003300000000000001,22.579133101017,2012.13661201
0.003630000000000001,24.7870379342219,2012.13661201
0.003993000000000002,27.2080411004509,2012.13661201
0.004392300000000003,29.8621287495749,2012.13661201
0.004831530000000003,32.7710403524665,2012.13661201
0.005314683000000005,35.9583968788054,2012.13661201
0.005846151300000006,39.4498326611191,2012.13661201
0.006430766430000007,43.273129576180594,2012.13661201
0.007073843073000009,47.4583517226659,2012.13661201
0.0077812273803000084,52.0379782247948,2012.13661201
0.00855935011833001,57.047031129215696,2012.13661201
0.00941528513016301,62.5231945685273,2012.13661201
0.01035681364317931,68.50692041972161,2012.13661201
0.01139249500749724,75.0415145681982,2012.13661201
0.012531744508246965,82.17319657554489,2012.13661201
0.013784918959071656,89.9511240194616,2012.13661201
0.015163410854978819,98.427371005279,2012.13661201
0.016679751940476703,107.6568483211567,2012.13661201
0.01834772713452437,117.6971504084173,2012.13661201
0.020182499847976806,128.6083117371953,2012.13661201
0.022200749832774484,140.4524523194165,2012.13661201
0.024420824816051928,153.29328897577048,2012.13661201
0.02686290729765712,167.19548564239332,2012.13661201
0.02954919802742283,182.2238125269742,2012.13661201
0.03250411783016511,198.4420804109987,2012.13661201
0.03575452961318162,215.9118129997393,2012.13661201
0.039329982574499774,234.69061715657742,2012.13661201
0.043262980831949745,254.83020840316922,2012.13661201
0.047589278915144716,276.3740475790331,2012.13661201
0.05234820680665919,299.3545444753547,2012.13661201
0.057583027487325106,323.7897861178672,2012.13661201
0.0633413302360576,349.8506339143695,2012.13661201
0.06967546325966335,377.66852714626657,2012.13661201
0.07664300958562968,407.0012166939313,2012.13661201
0.08430731054419265,437.7923236213056,2012.13661201
0.0927380415986119,469.9509109902844,2012.13661201
0.10201184575847308,503.34548307990656,2012.13661201
0.11221303033432038,537.7975804361361,2012.13661201
0.12343433336775242,573.0750777334116,2012.13661201
0.13577776670452762,608.8853321695328,2012.13661201
0.14935554337498042,644.8683742056232,2012.13661201
0.1642910977124784,680.59037778208,2012.13661201
0.18072020748372622,715.5376907433067,2012.13661201
0.19879222823209883,749.1117443421364,2012.13661201
0.21867145105530872,783.959597018527,2012.13661201
0.24053859616083956,816.9250175230457,2012.13661201
0.2645924557769235,847.0955756917218,2012.13661201
0.29105170135461583,873.6347518076535,2012.13661201
0.3201568714900774,895.6286540259514,2012.13661201
0.3521725586390851,912.09214307856,2012.13661201
0.3873898145029936,926.0498956792802,2012.13661201
0.42612879595329284,937.2394342073612,2012.13661201
0.46874167554862206,941.2496237595648,2012.13661201
0.5156158431034843,937.0725704904672,2012.13661201
0.5671774274138327,923.6929889298868,2012.13661201
0.6238951701552159,912.1242399206753,2012.13661201
0.6862846871707373,892.6216571760957,2012.13661201
0.754913155887811,863.2361955800654,2012.13661201
0.8304044714765921,826.090387601407,2012.13661201
0.9134449186242511,793.0506026510444,2012.13661201
0.0030000000000000005,19.8608464989441,2012.28540527
0.003300000000000001,21.8049307222324,2012.28540527
0.003630000000000001,23.937083511997002,2012.28540527
0.003993000000000002,26.275035952604,2012.28540527
0.004392300000000003,28.838094422706998,2012.28540527
0.004831530000000003,31.647260183260098,2012.28540527
0.005314683000000005,34.7253535594763,2012.28540527
0.005846151300000006,38.0971417645152,2012.28540527
0.006430766430000007,41.7894690574595,2012.28540527
0.007073843073000009,45.8313874934012,2012.28540527
0.0077812273803000084,50.2542859951515,2012.28540527
0.00855935011833001,55.0920148383562,2012.28540527
0.00941528513016301,60.381001877024104,2012.28540527
0.01035681364317931,66.1603559252863,2012.28540527
0.01139249500749724,72.4719516327928,2012.28540527
0.012531744508246965,79.3604889235903,2012.28540527
0.013784918959071656,86.87351858932931,2012.28540527
0.015163410854978819,95.0614239155365,2012.28540527
0.016679751940476703,103.97734625486619,2012.28540527
0.01834772713452437,113.6770402282352,2012.28540527
0.020182499847976806,124.2186417249105,2012.28540527
0.022200749832774484,135.6623290877056,2012.28540527
0.024420824816051928,148.0698548261589,2012.28540527
0.02686290729765712,161.503921936249,2012.28540527
0.02954919802742283,176.0273754846709,2012.28540527
0.03250411783016511,191.70217663939522,2012.28540527
0.03575452961318162,208.5881229415055,2012.28540527
0.039329982574499774,226.7412755163726,2012.28540527
0.043262980831949745,246.2120513807371,2012.28540527
0.047589278915144716,267.04293735687514,2012.28540527
0.05234820680665919,289.30309975777556,2012.28540527
0.057583027487325106,313.271207208447,2012.28540527
0.0633413302360576,338.7421353737306,2012.28540527
0.06967546325966335,365.7136388719927,2012.28540527
0.07664300958562968,394.1602465752308,2012.28540527
0.08430731054419265,424.02837340091594,2012.28540527
0.0927380415986119,455.23091765177134,2012.28540527
0.10201184575847308,487.6413795123728,2012.28540527
0.11221303033432038,521.0875657495571,2012.28540527
0.12343433336775242,555.344980508917,2012.28540527
0.13577776670452762,590.1300417534286,2012.28540527
0.14935554337498042,625.0933061266935,2012.28540527
0.1642910977124784,659.812929874573,2012.28540527
0.18072020748372622,693.7886371468077,2012.28540527
0.19879222823209883,727.837482187025,2012.28540527
0.21867145105530872,762.0089512457032,2012.28540527
0.24053859616083956,794.2082542601257,2012.28540527
0.2645924557769235,823.6953907993864,2012.28540527
0.29105170135461583,849.6494133121998,2012.28540527
0.3201568714900774,871.1716994914927,2012.28540527
0.3521725586390851,887.2916163977575,2012.28540527
0.3873898145029936,903.0470489207946,2012.28540527
0.42612879595329284,914.1342986263696,2012.28540527
0.46874167554862206,918.1846106383612,2012.28540527
0.5156158431034843,914.1964366902712,2012.28540527
0.5671774274138327,902.1928679273824,2012.28540527
0.6238951701552159,892.1436642268233,2012.28540527
0.6862846871707373,873.148628385813,2012.28540527
0.754913155887811,844.3981703646969,2012.28540527
0.8304044714765921,810.0536824255611,2012.28540527
0.9134449186242511,777.7043696668562,2012.28540527
0.0030000000000000005,16.7824479404215,2012.43431237
0.003300000000000001,18.4248520655836,2012.43431237
0.003630000000000001,20.226155991578903,2012.43431237
0.003993000000000002,22.2013525044694,2012.43431237
0.004392300000000003,24.366769655332,2012.43431237
0.004831530000000003,26.7401728965487,2012.43431237
0.005314683000000005,29.3408713334906,2012.43431237
0.005846151300000006,32.1898273298486,2012.43431237
0.006430766430000007,35.3097684108343,2012.43431237
0.007073843073000009,38.7253000475897,2012.43431237
0.0077812273803000084,42.4630174662729,2012.43431237
0.00855935011833001,46.5516140927071,2012.43431237
0.00941528513016301,51.0219836027394,2012.43431237
0.01035681364317931,55.9186602317835,2012.43431237
0.01139249500749724,61.271207316153905,2012.43431237
0.012531744508246965,67.1167076951084,2012.43431237
0.013784918959071656,73.4965639313349,2012.43431237
0.015163410854978819,80.4548204431963,2012.43431237
0.016679751940476703,88.0381472207686,2012.43431237
0.01834772713452437,96.2957719296927,2012.43431237
0.020182499847976806,105.2793472477495,2012.43431237
0.022200749832774484,115.04273798769681,2012.43431237
0.024420824816051928,125.64171002274061,2012.43431237
0.02686290729765712,137.1335002654685,2012.43431237
0.02954919802742283,149.57624399393978,2012.43431237
0.03250411783016511,163.0282327323034,2012.43431237
0.03575452961318162,177.5469727732849,2012.43431237
0.039329982574499774,193.1880114130256,2012.43431237
0.043262980831949745,210.0034952423871,2012.43431237
0.047589278915144716,228.0404226499119,2012.43431237
0.05234820680665919,247.3385513550609,2012.43431237
0.057583027487325106,267.9279216955033,2012.43431237
0.0633413302360576,289.8259580052448,2012.43431237
0.06967546325966335,313.0341142806598,2012.43431237
0.07664300958562968,337.5340370388063,2012.43431237
0.08430731054419265,363.28322846180487,2012.43431237
0.0927380415986119,390.2102072218973,2012.43431237
0.10201184575847308,418.20918335790105,2012.43431237
0.11221303033432038,447.134287642544,2012.43431237
0.12343433336775242,476.7934252110022,2012.43431237
0.13577776670452762,506.94185761610464,2012.43431237
0.14935554337498042,537.99526204399,2012.43431237
0.1642910977124784,570.1260271125282,2012.43431237
0.18072020748372622,602.1105446451687,2012.43431237
0.19879222823209883,633.5089734966854,2012.43431237
0.21867145105530872,663.8078679571125,2012.43431237
0.24053859616083956,692.4167123347311,2012.43431237
0.2645924557769235,718.6657997223496,2012.43431237
0.29105170135461583,741.8057596790457,2012.43431237
0.3201568714900774,762.5286625698931,2012.43431237
0.3521725586390851,782.9800318308812,2012.43431237
0.3873898145029936,798.8575023000388,2012.43431237
0.42612879595329284,809.2729990690262,2012.43431237
0.46874167554862206,813.2931180205653,2012.43431237
0.5156158431034843,810.0989347021543,2012.43431237
0.5671774274138327,809.071754653955,2012.43431237
0.6238951701552159,800.5494096177249,2012.43431237
0.6862846871707373,783.6915710103443,2012.43431237
0.754913155887811,757.6759673939282,2012.43431237
0.8304044714765921,735.9437085160696,2012.43431237
0.9134449186242511,706.6357636925686,2012.43431237
0.0030000000000000005,16.293416577512,2012.65835609
0.003300000000000001,17.887881219034,2012.65835609
0.003630000000000001,19.6366067880749,2012.65835609
0.003993000000000002,21.5546149512881,2012.65835609
0.004392300000000003,23.6600193453297,2012.65835609
0.004831530000000003,25.968165569348702,2012.65835609
0.005314683000000005,28.4979735545649,2012.65835609
0.005846151300000006,31.270003109175,2012.65835609
0.006430766430000007,34.3065694062202,2012.65835609
0.007073843073000009,37.631860653848,2012.65835609
0.0077812273803000084,41.272056395989296,2012.65835609
0.00855935011833001,45.2554444192388,2012.65835609
0.00941528513016301,49.612533671685405,2012.65835609
0.01035681364317931,54.3761599158412,2012.65835609
0.01139249500749724,59.5815800233997,2012.65835609
0.012531744508246965,65.2665498557552,2012.65835609
0.013784918959071656,71.4713795415149,2012.65835609
0.015163410854978819,78.23895864079739,2012.65835609
0.016679751940476703,85.6147421566927,2012.65835609
0.01834772713452437,93.6466865995047,2012.65835609
0.020182499847976806,102.3851233156626,2012.65835609
0.022200749832774484,111.882554053012,2012.65835609
0.024420824816051928,122.1933512494063,2012.65835609
0.02686290729765712,133.3733428173814,2012.65835609
0.02954919802742283,145.47925828788,2012.65835609
0.03250411783016511,158.5680101287622,2012.65835609
0.03575452961318162,172.6957809591843,2012.65835609
0.039329982574499774,187.91688436878277,2012.65835609
0.043262980831949745,204.2823642997264,2012.65835609
0.047589278915144716,221.8382956967615,2012.65835609
0.05234820680665919,240.6237476784612,2012.65835609
0.057583027487325106,260.6683702081669,2012.65835609
0.0633413302360576,281.98956659785716,2012.65835609
0.06967546325966335,304.58921768817436,2012.65835609
0.07664300958562968,328.4499298009877,2012.65835609
0.08430731054419265,353.5307881840703,2012.65835609
0.0927380415986119,379.7626112883717,2012.65835609
0.10201184575847308,407.0427194085207,2012.65835609
0.11221303033432038,435.22925441495056,2012.65835609
0.12343433336775242,464.1351157183191,2012.65835609
0.13577776670452762,493.5965913524406,2012.65835609
0.14935554337498042,524.7807605468474,2012.65835609
0.1642910977124784,556.1931887220478,2012.65835609
0.18072020748372622,587.47154962179,2012.65835609
0.19879222823209883,618.185388516879,2012.65835609
0.21867145105530872,647.8315343517737,2012.65835609
0.24053859616083956,675.8304994722845,2012.65835609
0.2645924557769235,701.524172859761,2012.65835609
0.29105170135461583,724.1751111859428,2012.65835609
0.3201568714900774,745.9416798419771,2012.65835609
0.3521725586390851,766.0641166666747,2012.65835609
0.3873898145029936,781.70055305535,2012.65835609
0.42612879595329284,791.97203214529,2012.65835609
0.46874167554862206,795.9530786943969,2012.65835609
0.5156158431034843,794.4950588743982,2012.65835609
0.5671774274138327,793.5880302080352,2012.65835609
0.6238951701552159,785.2880781091824,2012.65835609
0.6862846871707373,768.7555573391586,2012.65835609
0.754913155887811,743.9339707914185,2012.65835609
0.8304044714765921,723.4973954330901,2012.65835609
0.9134449186242511,694.6757232622606,2012.65835609
0.0030000000000000005,17.8418723108916,2012.73212658
0.003300000000000001,19.5881172878155,2012.73212658
0.003630000000000001,21.5033067344522,2012.73212658
0.003993000000000002,23.6033774231105,2012.73212658
0.004392300000000003,25.905684358520297,2012.73212658
0.004831530000000003,28.4291089957603,2012.73212658
0.005314683000000005,31.1941717531202,2012.73212658
0.005846151300000006,34.223147995287,2012.73212658
0.006430766430000007,37.540186347582,2012.73212658
0.007073843073000009,41.1714278161351,2012.73212658
0.0077812273803000084,45.1451237190895,2012.73212658
0.00855935011833001,49.4917498657024,2012.73212658
0.00941528513016301,54.2441137373467,2012.73212658
0.01035681364317931,59.4374506090222,2012.73212658
0.01139249500749724,65.1095035825956,2012.73212658
0.012531744508246965,71.300581362922,2012.73212658
0.013784918959071656,78.0535862738369,2012.73212658
0.015163410854978819,85.4140034614443,2012.73212658
0.016679751940476703,93.42984044714869,2012.73212658
0.01834772713452437,102.1515041554486,2012.73212658
0.020182499847976806,111.63160023989211,2012.73212658
0.022200749832774484,121.9246369613297,2012.73212658
0.024420824816051928,133.098595032941,2012.73212658
0.02686290729765712,145.2636210054508,2012.73212658
0.02954919802742283,158.43343980915787,2012.73212658
0.03250411783016511,172.6692666331148,2012.73212658
0.03575452961318162,188.03140211221918,2012.73212658
0.039329982574499774,204.57798272017519,2012.73212658
0.043262980831949745,222.3634491820112,2012.73212658
0.047589278915144716,241.4366939328994,2012.73212658
0.05234820680665919,261.8388475823891,2012.73212658
0.057583027487325106,283.6006646597072,2012.73212658
0.0633413302360576,306.7394711121405,2012.73212658
0.06967546325966335,331.2556406724803,2012.73212658
0.07664300958562968,357.1285749268197,2012.73212658
0.08430731054419265,384.3121733507279,2012.73212658
0.0927380415986119,412.7297953694847,2012.73212658
0.10201184575847308,442.268737179124,2012.73212658
0.11221303033432038,472.7742720061223,2012.73212658
0.12343433336775242,504.043333766657,2012.73212658
0.13577776670452762,535.817960383024,2012.73212658
0.14935554337498042,567.7786534545198,2012.73212658
0.1642910977124784,600.048511372329,2012.73212658
0.18072020748372622,633.5310127704457,2012.73212658
0.19879222823209883,666.3782838430926,2012.73212658
0.21867145105530872,698.0548070484841,2012.73212658
0.24053859616083956,727.9464668672846,2012.73212658
0.2645924557769235,755.358842332252,2012.73212658
0.29105170135461583,779.5172559264023,2012.73212658
0.3201568714900774,799.5688526304114,2012.73212658
0.3521725586390851,819.0758403844088,2012.73212658
0.3873898145029936,835.4368005898316,2012.73212658
0.42612879595329284,846.1275173296569,2012.73212658
0.46874167554862206,850.1983772773532,2012.73212658
0.5156158431034843,846.6688721330013,2012.73212658
0.5671774274138327,841.940091214493,2012.73212658
0.6238951701552159,832.91564222365,2012.73212658
0.6862846871707373,815.3385281469075,2012.73212658
0.754913155887811,788.3900124005077,2012.73212658
0.8304044714765921,762.2455466831093,2012.73212658
0.9134449186242511,731.8866355531634,2012.73212658
0.0030000000000000005,18.347988665187902,2012.80595399
0.003300000000000001,20.143834530588,2012.80595399
0.003630000000000001,22.113421142142002,2012.80595399
0.003993000000000002,24.2731356421927,2012.80595399
0.004392300000000003,26.640822906347598,2012.80595399
0.004831530000000003,29.2358966385072,2012.80595399
0.005314683000000005,32.079454841045305,2012.80595399
0.005846151300000006,35.1943988044914,2012.80595399
0.006430766430000007,38.6055544363844,2012.80595399
0.007073843073000009,42.3397943510342,2012.80595399
0.0077812273803000084,46.4261586576415,2012.80595399
0.00855935011833001,50.895971798767896,2012.80595399
0.00941528513016301,55.7829520879488,2012.80595399
0.01035681364317931,61.123309756031006,2012.80595399
0.01139249500749724,66.9558283207786,2012.80595399
0.012531744508246965,73.3219229224234,2012.80595399
0.013784918959071656,80.26566789747879,2012.80595399
0.015163410854978819,87.8337842728466,2012.80595399
0.016679751940476703,96.0755760321078,2012.80595399
0.01834772713452437,105.0428019191667,2012.80595399
0.020182499847976806,114.78946719011749,2012.80595399
0.022200749832774484,125.3715171000743,2012.80595399
0.024420824816051928,136.8464110284674,2012.80595399
0.02686290729765712,149.272553032661,2012.80595399
0.02954919802742283,162.7085513287554,2012.80595399
0.03250411783016511,177.2649441759705,2012.80595399
0.03575452961318162,193.0282953753208,2012.80595399
0.039329982574499774,210.0054946029706,2012.80595399
0.043262980831949745,228.252033880417,2012.80595399
0.047589278915144716,247.8176602542157,2012.80595399
0.05234820680665919,268.7441041891813,2012.80595399
0.057583027487325106,291.0623995228563,2012.80595399
0.0633413302360576,314.7897575785044,2012.80595399
0.06967546325966335,339.9259630637289,2012.80595399
0.07664300958562968,366.4492675896415,2012.80595399
0.08430731054419265,394.31176868727067,2012.80595399
0.0927380415986119,423.4342787015841,2012.80595399
0.10201184575847308,453.7007094390264,2012.80595399
0.11221303033432038,484.9520252717903,2012.80595399
0.12343433336775242,516.9798495983424,2012.80595399
0.13577776670452762,549.5198467314436,2012.80595399
0.14935554337498042,582.245042474462,2012.80595399
0.1642910977124784,614.7592902113768,2012.80595399
0.18072020748372622,648.4038627825736,2012.80595399
0.19879222823209883,681.927279943403,2012.80595399
0.21867145105530872,714.2449062348886,2012.80595399
0.24053859616083956,744.7314926949482,2012.80595399
0.2645924557769235,772.6810066653348,2012.80595399
0.29105170135461583,797.3069333518694,2012.80595399
0.3201568714900774,817.7446532279765,2012.80595399
0.3521725586390851,836.0631457145248,2012.80595399
0.3873898145029936,852.6372592411501,2012.80595399
0.42612879595329284,863.442560326751,2012.80595399
0.46874167554862206,867.5221400317789,2012.80595399
0.5156158431034843,863.8897960979936,2012.80595399
0.5671774274138327,857.3292653588472,2012.80595399
0.6238951701552159,848.0558319401371,2012.80595399
0.6862846871707373,830.128690160597,2012.80595399
0.754913155887811,802.731116344336,2012.80595399
0.8304044714765921,774.5056987840844,2012.80595399
0.9134449186242511,743.6461497832354,2012.80595399
0.0030000000000000005,21.224629123169198,2012.88114753
0.003300000000000001,23.3023108180883,2012.88114753
0.003630000000000001,25.580965606047602,2012.88114753
0.003993000000000002,28.079533186366803,2012.88114753
0.004392300000000003,30.818633880466702,2012.88114753
0.004831530000000003,33.820695740878705,2012.88114753
0.005314683000000005,37.1100864250498,2012.88114753
0.005846151300000006,40.7132487899289,2012.88114753
0.006430766430000007,44.6588387798339,2012.88114753
0.007073843073000009,48.9778637113723,2012.88114753
0.0077812273803000084,53.7038184903176,2012.88114753
0.00855935011833001,58.8728166095687,2012.88114753
0.00941528513016301,64.5237119560759,2012.88114753
0.01035681364317931,70.6982064776053,2012.88114753
0.01139249500749724,77.4409376057597,2012.88114753
0.012531744508246965,84.7995379771303,2012.88114753
0.013784918959071656,92.8246584170702,2012.88114753
0.015163410854978819,101.5699433285963,2012.88114753
0.016679751940476703,111.0919455432814,2012.88114753
0.01834772713452437,121.44996532756839,2012.88114753
0.020182499847976806,132.7057955905499,2012.88114753
0.022200749832774484,144.9233524136678,2012.88114753
0.024420824816051928,158.1681668416,2012.88114753
0.02686290729765712,172.5067104824839,2012.88114753
0.02954919802742283,188.005523940659,2012.88114753
0.03250411783016511,204.7301135615598,2012.88114753
0.03575452961318162,222.7435785702821,2012.88114753
0.039329982574499774,242.10492765615228,2012.88114753
0.043262980831949745,262.8670416886254,2012.88114753
0.047589278915144716,285.0742379177235,2012.88114753
0.05234820680665919,308.75939117411735,2012.88114753
0.057583027487325106,333.94056978750905,2012.88114753
0.0633413302360576,360.6171488183374,2012.88114753
0.06967546325966335,388.7996224680471,2012.88114753
0.07664300958562968,418.954222280277,2012.88114753
0.08430731054419265,450.6008881589576,2012.88114753
0.0927380415986119,483.6450205795333,2012.88114753
0.10201184575847308,517.9503794311095,2012.88114753
0.11221303033432038,553.3325801132263,2012.88114753
0.12343433336775242,589.5523088549822,2012.88114753
0.13577776670452762,626.3084126218433,2012.88114753
0.14935554337498042,663.2310638052763,2012.88114753
0.1642910977124784,699.8752455716584,2012.88114753
0.18072020748372622,735.7148471782431,2012.88114753
0.19879222823209883,770.1376958470107,2012.88114753
0.21867145105530872,804.2912284696439,2012.88114753
0.24053859616083956,837.954625019519,2012.88114753
0.2645924557769235,868.7453555478805,2012.88114753
0.29105170135461583,895.8126219102076,2012.88114753
0.3201568714900774,918.2285915085491,2012.88114753
0.3521725586390851,934.9949491069995,2012.88114753
0.3873898145029936,947.2664726219192,2012.88114753
0.42612879595329284,958.5358863517656,2012.88114753
0.46874167554862206,962.49442025883,2012.88114753
0.5156158431034843,958.1286883259552,2012.88114753
0.5671774274138327,944.420324513409,2012.88114753
0.6238951701552159,930.4786418238729,2012.88114753
0.6862846871707373,910.4970041819108,2012.88114753
0.754913155887811,880.5163625475516,2012.88114753
0.8304044714765921,840.7822663114982,2012.88114753
0.9134449186242511,807.099974134491,2012.88114753
0.0030000000000000005,19.849079478140503,2012.95628414
0.003300000000000001,21.7920108536945,2012.95628414
0.003630000000000001,23.9228994054992,2012.95628414
0.003993000000000002,26.259465777831398,2012.95628414
0.004392300000000003,28.821004997804202,2012.95628414
0.004831530000000003,31.628505997933903,2012.95628414
0.005314683000000005,34.704775731070804,2012.95628414
0.005846151300000006,38.0745669262499,2012.95628414
0.006430766430000007,41.764708179033796,2012.95628414
0.007073843073000009,45.804234635475105,2012.95628414
0.0077812273803000084,50.224517000858306,2012.95628414
0.00855935011833001,55.0593859670672,2012.95628414
0.00941528513016301,60.3452483881272,2012.95628414
0.01035681364317931,66.1211906228504,2012.95628414
0.01139249500749724,72.4290633857496,2012.95628414
0.012531744508246965,79.3135411805738,2012.95628414
0.013784918959071656,86.822147912671,2012.95628414
0.015163410854978819,95.00523856521501,2012.95628414
0.016679751940476703,103.91592486056089,2012.95628414
0.01834772713452437,113.6099305961151,2012.95628414
0.020182499847976806,124.1453598354653,2012.95628414
0.022200749832774484,135.582358351838,2012.95628414
0.024420824816051928,147.982645678883,2012.95628414
0.02686290729765712,161.40889186060102,2012.95628414
0.02954919802742283,175.9239095726399,2012.95628414
0.03250411783016511,191.5896288115516,2012.95628414
0.03575452961318162,208.4658179620377,2012.95628414
0.039329982574499774,226.60851195481598,2012.95628414
0.043262980831949745,246.0681056848714,2012.95628414
0.047589278915144716,266.8870692119179,2012.95628414
0.05234820680665919,289.14365555284473,2012.95628414
0.057583027487325106,313.099007836236,2012.95628414
0.0633413302360576,338.5564635584723,2012.95628414
0.06967546325966335,365.5137946436428,2012.95628414
0.07664300958562968,393.94556052081833,2012.95628414
0.08430731054419265,423.7982219660284,2012.95628414
0.0927380415986119,454.9847405139889,2012.95628414
0.10201184575847308,487.37869897085267,2012.95628414
0.11221303033432038,520.8080079772691,2012.95628414
0.12343433336775242,555.0482983962446,2012.95628414
0.13577776670452762,589.8161389355135,2012.95628414
0.14935554337498042,624.7622616358029,2012.95628414
0.1642910977124784,659.4650226991413,2012.95628414
0.18072020748372622,693.4243698197527,2012.95628414
0.19879222823209883,727.4835929277435,2012.95628414
0.21867145105530872,761.64099320672,2012.95628414
0.24053859616083956,793.8273419838094,2012.95628414
0.2645924557769235,823.3028987816244,2012.95628414
0.29105170135461583,849.246978455382,2012.95628414
0.3201568714900774,870.7612165869253,2012.95628414
0.3521725586390851,886.875225894613,2012.95628414
0.3873898145029936,902.6605862826103,2012.95628414
0.42612879595329284,913.7459772506528,2012.95628414
0.46874167554862206,917.7968212162691,2012.95628414
0.5156158431034843,913.8116800174614,2012.95628414
0.5671774274138327,901.8502510678263,2012.95628414
0.6238951701552159,891.8072511204861,2012.95628414
0.6862846871707373,872.8206357102334,2012.95628414
0.754913155887811,844.0807533107385,2012.95628414
0.8304044714765921,809.7832835828502,2012.95628414
0.9134449186242511,777.4455155227836,2012.95628414
0.0030000000000000005,20.79243112504,2013.03014633
0.003300000000000001,22.8277777406008,2013.03014633
0.003630000000000001,25.0600090292748,2013.03014633
0.003993000000000002,27.5076819615729,2013.03014633
0.004392300000000003,30.1910008164263,2013.03014633
0.004831530000000003,33.131941920398,2013.03014633
0.005314683000000005,36.354383100212004,2013.03014633
0.005846151300000006,39.884236834158195,2013.03014633
0.006430766430000007,43.749585713469095,2013.03014633
0.007073843073000009,47.9808183668965,2013.03014633
0.0077812273803000084,52.6107634457805,2013.03014633
0.00855935011833001,57.6748185964525,2013.03014633
0.00941528513016301,63.21107054355329,2013.03014633
0.01035681364317931,69.2604014517951,2013.03014633
0.01139249500749724,75.8665756034166,2013.03014633
0.012531744508246965,83.0762991016811,2013.03014633
0.013784918959071656,90.93924376458989,2013.03014633
0.015163410854978819,99.5080245858293,2013.03014633
0.016679751940476703,108.8381180925369,2013.03014633
0.01834772713452437,118.9877066072156,2013.03014633
0.020182499847976806,130.0174308170512,2013.03014633
0.022200749832774484,141.9900301724243,2013.03014633
0.024420824816051928,154.9698474982708,2013.03014633
0.02686290729765712,169.022170850067,2013.03014633
0.02954919802742283,184.2123821530848,2013.03014633
0.03250411783016511,200.60487863963868,2013.03014633
0.03575452961318162,218.2617297023904,2013.03014633
0.039329982574499774,237.2410287284219,2013.03014633
0.043262980831949745,257.5948970531893,2013.03014633
0.047589278915144716,279.3670957381763,2013.03014633
0.05234820680665919,302.5902008789456,2013.03014633
0.057583027487325106,327.2823001272572,2013.03014633
0.0633413302360576,353.4431726816908,2013.03014633
0.06967546325966335,381.4995239203265,2013.03014633
0.07664300958562968,411.1154282443872,2013.03014633
0.08430731054419265,442.2014073101576,2013.03014633
0.0927380415986119,474.665273489893,2013.03014633
0.10201184575847308,508.3739081532579,2013.03014633
0.11221303033432038,543.1468223183307,2013.03014633
0.12343433336775242,578.7494256712666,2013.03014633
0.13577776670452762,614.8861543038752,2013.03014633
0.14935554337498042,651.1936518691626,2013.03014633
0.1642910977124784,687.234244306651,2013.03014633
0.18072020748372622,722.4899918423575,2013.03014633
0.19879222823209883,756.3576398232782,2013.03014633
0.21867145105530872,790.9686284856082,2013.03014633
0.24053859616083956,824.1759245563935,2013.03014633
0.2645924557769235,854.5616662153998,2013.03014633
0.29105170135461583,881.2843955749108,2013.03014633
0.3201568714900774,903.4253928524932,2013.03014633
0.3521725586390851,919.9949482804121,2013.03014633
0.3873898145029936,933.3736593812621,2013.03014633
0.42612879595329284,944.5923333510716,2013.03014633
0.46874167554862206,948.5862730268376,2013.03014633
0.5156158431034843,944.345649757256,2013.03014633
0.5671774274138327,930.8540734637388,2013.03014633
0.6238951701552159,918.4680383335711,2013.03014633
0.6862846871707373,898.801263685865,2013.03014633
0.754913155887811,869.2113695204608,2013.03014633
0.8304044714765921,831.172579104333,2013.03014633
0.9134449186242511,797.91161062252,2013.03014633
0.0030000000000000005,21.3803721546756,2013.10547944
0.003300000000000001,23.4733085565083,2013.10547944
0.003630000000000001,25.7686910529904,2013.10547944
0.003993000000000002,28.2855971934879,2013.10547944
0.004392300000000003,31.044797139203,2013.10547944
0.004831530000000003,34.0688816230541,2013.10547944
0.005314683000000005,37.3823946922988,2013.10547944
0.005846151300000006,41.0119701791251,2013.10547944
0.006430766430000007,44.9864704576738,2013.10547944
0.007073843073000009,49.337125573306395,2013.10547944
0.0077812273803000084,54.0976702563715,2013.10547944
0.00855935011833001,59.3044756414167,2013.10547944
0.00941528513016301,64.9966716850366,2013.10547944
0.01035681364317931,71.216255290972,2013.10547944
0.01139249500749724,78.00817798788421,2013.10547944
0.012531744508246965,85.420405640719,2013.10547944
0.013784918959071656,93.5039410879227,2013.10547944
0.015163410854978819,102.3127987622548,2013.10547944
0.016679751940476703,111.9039182535365,2013.10547944
0.01834772713452437,122.3370013934424,2013.10547944
0.020182499847976806,133.6742547795189,2013.10547944
0.022200749832774484,145.9800167142196,2013.10547944
0.024420824816051928,159.3202443382093,2013.10547944
0.02686290729765712,173.761833332127,2013.10547944
0.02954919802742283,189.3717390248693,2013.10547944
0.03250411783016511,206.215864196197,2013.10547944
0.03575452961318162,224.3576754633274,2013.10547944
0.039329982574499774,243.8565071213068,2013.10547944
0.043262980831949745,264.7655089617923,2013.10547944
0.047589278915144716,287.1291933008398,2013.10547944
0.05234820680665919,310.98053666645717,2013.10547944
0.057583027487325106,336.3375938830282,2013.10547944
0.0633413302360576,363.1995872773098,2013.10547944
0.06967546325966335,391.54244212132113,2013.10547944
0.07664300958562968,421.7747468001184,2013.10547944
0.08430731054419265,453.6227948995741,2013.10547944
0.0927380415986119,486.87527527149547,2013.10547944
0.10201184575847308,521.3948153217398,2013.10547944
0.11221303033432038,556.9956196221726,2013.10547944
0.12343433336775242,593.4366663085427,2013.10547944
0.13577776670452762,630.4147838636358,2013.10547944
0.14935554337498042,667.5578104551955,2013.10547944
0.1642910977124784,704.4180837545555,2013.10547944
0.18072020748372622,740.4665525403451,2013.10547944
0.19879222823209883,775.0878384584869,2013.10547944
0.21867145105530872,809.0748243952987,2013.10547944
0.24053859616083956,842.9008245595335,2013.10547944
0.2645924557769235,873.835687630221,2013.10547944
0.29105170135461583,901.0252765990172,2013.10547944
0.3201568714900774,923.5385073516886,2013.10547944
0.3521725586390851,940.3740010044112,2013.10547944
0.3873898145029936,952.245909149298,2013.10547944
0.42612879595329284,963.5320698814755,2013.10547944
0.46874167554862206,967.4764592798203,2013.10547944
0.5156158431034843,963.0644521632404,2013.10547944
0.5671774274138327,949.2770121448892,2013.10547944
0.6238951701552159,934.7760894734523,2013.10547944
0.6862846871707373,914.6805241718729,2013.10547944
0.754913155887811,884.5588998569003,2013.10547944
0.8304044714765921,844.2167545641438,2013.10547944
0.9134449186242511,810.3829016595726,2013.10547944
0.0030000000000000005,20.0423184820185,2013.18076482
0.003300000000000001,22.0041817189639,2013.18076482
0.003630000000000001,24.155831289537,2013.18076482
0.003993000000000002,26.5151592601743,2013.18076482
0.004392300000000003,29.101647042286903,2013.18076482
0.004831530000000003,31.9364859883802,2013.18076482
0.005314683000000005,35.042702606279704,2013.18076482
0.005846151300000006,38.44528742729,2013.18076482
0.006430766430000007,42.1713262051653,2013.18076482
0.007073843073000009,46.2501316835535,2013.18076482
0.0077812273803000084,50.7133736359159,2013.18076482
0.00855935011833001,55.595204237853196,2013.18076482
0.00941528513016301,60.932375059525704,2013.18076482
0.01035681364317931,66.76434104596301,2013.18076482
0.01139249500749724,73.1333457645675,2013.18076482
0.012531744508246965,80.0844809200239,2013.18076482
0.013784918959071656,87.6657116447545,2013.18076482
0.015163410854978819,95.9278573463334,2013.18076482
0.016679751940476703,104.9245159123315,2013.18076482
0.01834772713452437,114.7119168226246,2013.18076482
0.020182499847976806,125.3486861909015,2013.18076482
0.022200749832774484,136.8955039532441,2013.18076482
0.024420824816051928,149.4146303596674,2013.18076482
0.02686290729765712,162.9692756428157,2013.18076482
0.02954919802742283,177.62278330290872,2013.18076482
0.03250411783016511,193.43759396189068,2013.18076482
0.03575452961318162,210.4739533503347,2013.18076482
0.039329982574499774,228.78832490129741,2013.18076482
0.043262980831949745,248.4314649052846,2013.18076482
0.047589278915144716,269.4461165746847,2013.18076482
0.05234820680665919,291.8642791027896,2013.18076482
0.057583027487325106,315.9258240558942,2013.18076482
0.0633413302360576,341.6043513312352,2013.18076482
0.06967546325966335,368.7942226262095,2013.18076482
0.07664300958562968,397.469492457233,2013.18076482
0.08430731054419265,427.5758653012196,2013.18076482
0.0927380415986119,459.0252610614927,2013.18076482
0.10201184575847308,491.6899025779909,2013.18076482
0.11221303033432038,525.3959917384161,2013.18076482
0.12343433336775242,559.917075901488,2013.18076482
0.13577776670452762,594.9672462812504,2013.18076482
0.14935554337498042,630.1943534036142,2013.18076482
0.1642910977124784,665.1734697260027,2013.18076482
0.18072020748372622,699.4008731863311,2013.18076482
0.19879222823209883,733.2889728288857,2013.18076482
0.21867145105530872,767.6767338124345,2013.18076482
0.24053859616083956,800.0751083878883,2013.18076482
0.2645924557769235,829.7400954668334,2013.18076482
0.29105170135461583,855.8467112452946,2013.18076482
0.3201568714900774,877.4923690745402,2013.18076482
0.3521725586390851,893.7026624317217,2013.18076482
0.3873898145029936,908.9962377595886,2013.18076482
0.42612879595329284,920.1115147965774,2013.18076482
0.46874167554862206,924.1530436727046,2013.18076482
0.5156158431034843,920.1175957819701,2013.18076482
0.5671774274138327,907.4645463696236,2013.18076482
0.6238951701552159,897.319350336437,2013.18076482
0.6862846871707373,878.194243529711,2013.18076482
0.754913155887811,849.2805953598216,2013.18076482
0.8304044714765921,814.2121163908254,2013.18076482
0.9134449186242511,781.6848509078371,2013.18076482
0.0030000000000000005,16.6398762457446,2013.47933788
0.003300000000000001,18.2683045629703,2013.47933788
0.003630000000000001,20.054280415385097,2013.47933788
0.003993000000000002,22.0126694222065,2013.47933788
0.004392300000000003,24.159661272921102,2013.47933788
0.004831530000000003,26.512871038964498,2013.47933788
0.005314683000000005,29.0914445754219,2013.47933788
0.005846151300000006,31.9161672592342,2013.47933788
0.006430766430000007,35.009575019117904,2013.47933788
0.007073843073000009,38.396066254835596,2013.47933788
0.0077812273803000084,42.1021403683961,2013.47933788
0.00855935011833001,46.1654806882916,2013.47933788
0.00941528513016301,50.6099664356914,2013.47933788
0.01035681364317931,55.4690737844141,2013.47933788
0.01139249500749724,60.7787441973085,2013.47933788
0.012531744508246965,66.5774629993237,2013.47933788
0.013784918959071656,72.90631475371801,2013.47933788
0.015163410854978819,79.8090077665246,2013.47933788
0.016679751940476703,87.3318584860292,2013.47933788
0.01834772713452437,95.52372477741041,2013.47933788
0.020182499847976806,104.4358750245698,2013.47933788
0.022200749832774484,114.1217777346835,2013.47933788
0.024420824816051928,124.6367937990439,2013.47933788
0.02686290729765712,136.03775081309792,2013.47933788
0.02954919802742283,148.3823759151099,2013.47933788
0.03250411783016511,161.72856052775788,2013.47933788
0.03575452961318162,176.1334272740849,2013.47933788
0.039329982574499774,191.6521663234216,2013.47933788
0.043262980831949745,208.33660568897918,2013.47933788
0.047589278915144716,226.2334777907293,2013.47933788
0.05234820680665919,245.3823432264213,2013.47933788
0.057583027487325106,265.81313254562025,2013.47933788
0.0633413302360576,287.54326835864754,2013.47933788
0.06967546325966335,310.574333869688,2013.47933788
0.07664300958562968,334.8882604974861,2013.47933788
0.08430731054419265,360.4430172707272,2013.47933788
0.0927380415986119,387.1677987873558,2013.47933788
0.10201184575847308,414.9577272739438,2013.47933788
0.11221303033432038,443.6681080964323,2013.47933788
0.12343433336775242,473.1083071377245,2013.47933788
0.13577776670452762,503.03535258977547,2013.47933788
0.14935554337498042,534.1498205907104,2013.47933788
0.1642910977124784,566.0720606783315,2013.47933788
0.18072020748372622,597.8516819904422,2013.47933788
0.19879222823209883,629.0515770889217,2013.47933788
0.21867145105530872,659.161290167834,2013.47933788
0.24053859616083956,687.5935118895115,2013.47933788
0.2645924557769235,713.6819036870746,2013.47933788
0.29105170135461583,736.6805561827663,2013.47933788
0.3201568714900774,757.7086049059593,2013.47933788
0.3521725586390851,778.0653043840407,2013.47933788
0.3873898145029936,793.8737014444106,2013.47933788
0.42612879595329284,804.2483518591584,2013.47933788
0.46874167554862206,808.2581332135932,2013.47933788
0.5156158431034843,805.5698385473761,2013.47933788
0.5671774274138327,804.5784787180894,2013.47933788
0.6238951701552159,796.1216085018377,2013.47933788
0.6862846871707373,779.3590729611283,2013.47933788
0.754913155887811,753.4681996493096,2013.47933788
0.8304044714765921,732.335598978371,2013.47933788
0.9134449186242511,703.1693562795404,2013.47933788
0.0030000000000000005,18.5710797192503,2013.55331049
0.003300000000000001,20.3887877715736,2013.55331049
0.003630000000000001,22.3823502420669,2013.55331049
0.003993000000000002,24.568352669632603,2013.55331049
0.004392300000000003,26.964855710535698,2013.55331049
0.004831530000000003,29.5915074958851,2013.55331049
0.005314683000000005,32.4696603984979,2013.55331049
0.005846151300000006,35.6224913396128,2013.55331049
0.006430766430000007,39.0751244367878,2013.55331049
0.007073843073000009,42.854754391018304,2013.55331049
0.0077812273803000084,46.9907685204019,2013.55331049
0.00855935011833001,51.5148647545767,2013.55331049
0.00941528513016301,56.461162191960106,2013.55331049
0.01035681364317931,61.866299972052595,2013.55331049
0.01139249500749724,67.7695192078194,2013.55331049
0.012531744508246965,74.2127215372318,2013.55331049
0.013784918959071656,81.2404964667142,2013.55331049
0.015163410854978819,88.9001080710061,2013.55331049
0.016679751940476703,97.24142976389929,2013.55331049
0.01834772713452437,106.31681374593511,2013.55331049
0.020182499847976806,116.1808793577084,2013.55331049
0.022200749832774484,126.8902019192957,2013.55331049
0.024420824816051928,138.5028807290146,2013.55331049
0.02686290729765712,151.0779617582144,2013.55331049
0.02954919802742283,164.6746872677841,2013.55331049
0.03250411783016511,179.3515411736889,2013.55331049
0.03575452961318162,195.2285015448415,2013.55331049
0.039329982574499774,212.3951130018063,2013.55331049
0.043262980831949745,230.8444216506465,2013.55331049
0.047589278915144716,250.6265411358208,2013.55331049
0.05234820680665919,271.7834550732477,2013.55331049
0.057583027487325106,294.3463079924498,2013.55331049
0.0633413302360576,318.33224713291355,2013.55331049
0.06967546325966335,343.74078296160485,2013.55331049
0.07664300958562968,370.54964470563937,2013.55331049
0.08430731054419265,398.7101195043164,2013.55331049
0.0927380415986119,428.1418806049928,2013.55331049
0.10201184575847308,458.7273318816424,2013.55331049
0.11221303033432038,490.3055231709846,2013.55331049
0.12343433336775242,522.6657235157531,2013.55331049
0.13577776670452762,555.5407769550548,2013.55331049
0.14935554337498042,588.6004070115723,2013.55331049
0.1642910977124784,621.444679804099,2013.55331049
0.18072020748372622,654.9320932088212,2013.55331049
0.19879222823209883,688.7503526145392,2013.55331049
0.21867145105530872,721.3471741838221,2013.55331049
0.24053859616083956,752.0924303913213,2013.55331049
0.2645924557769235,780.2750099710864,2013.55331049
0.29105170135461583,805.103231517634,2013.55331049
0.3201568714900774,825.7073526211561,2013.55331049
0.3521725586390851,843.4998342949161,2013.55331049
0.3873898145029936,860.1643892638683,2013.55331049
0.42612879595329284,871.0168750475818,2013.55331049
0.46874167554862206,875.0972555483092,2013.55331049
0.5156158431034843,871.4169104135871,2013.55331049
0.5671774274138327,864.0506267021315,2013.55331049
0.6238951701552159,854.6656882157279,2013.55331049
0.6862846871707373,836.5830414805729,2013.55331049
0.754913155887811,808.9869123772802,2013.55331049
0.8304044714765921,779.8496770052697,2013.55331049
0.9134449186242511,748.7697855054543,2013.55331049
0.0030000000000000005,20.2659158043188,2013.62728309
0.003300000000000001,22.249684344313298,2013.62728309
0.003630000000000001,24.425355468811702,2013.62728309
0.003993000000000002,26.811019528605502,2013.62728309
0.004392300000000003,29.426373516823,2013.62728309
0.004831530000000003,32.2928429040606,2013.62728309
0.005314683000000005,35.4337081207865,2013.62728309
0.005846151300000006,38.8742347079963,2013.62728309
0.006430766430000007,42.6418057935567,2013.62728309
0.007073843073000009,46.766055106913,2013.62728309
0.0077812273803000084,51.278998204568,2013.62728309
0.00855935011833001,56.2151589268296,2013.62728309
0.00941528513016301,61.6116873248627,2013.62728309
0.01035681364317931,67.5084643664406,2013.62728309
0.01139249500749724,73.9481876278641,2013.62728309
0.012531744508246965,80.9764308861985,2013.62728309
0.013784918959071656,88.6416690177885,2013.62728309
0.015163410854978819,96.99525786427,2013.62728309
0.016679751940476703,106.0913567265208,2013.62728309
0.01834772713452437,115.9867788750976,2013.62728309
0.020182499847976806,126.74075291473818,2013.62728309
0.022200749832774484,138.41457501338738,2013.62728309
0.024420824816051928,151.0711289213244,2013.62728309
0.02686290729765712,164.7742474030815,2013.62728309
0.02954919802742283,179.5878852520797,2013.62728309
0.03250411783016511,195.5750705600067,2013.62728309
0.03575452961318162,212.7965975207687,2013.62728309
0.039329982574499774,231.3094209694342,2013.62728309
0.043262980831949745,251.1647103637314,2013.62728309
0.047589278915144716,272.4055193595384,2013.62728309
0.05234820680665919,295.06402694657106,2013.62728309
0.057583027487325106,319.1939431516167,2013.62728309
0.0633413302360576,345.1278119965853,2013.62728309
0.06967546325966335,372.5862256343705,2013.62728309
0.07664300958562968,401.5426461494985,2013.62728309
0.08430731054419265,431.9418944363056,2013.62728309
0.0927380415986119,463.6946765986255,2013.62728309
0.10201184575847308,496.6716335562537,2013.62728309
0.11221303033432038,530.6969822829161,2013.62728309
0.12343433336775242,565.5418526333881,2013.62728309
0.13577776670452762,600.9174640009562,2013.62728309
0.14935554337498042,636.468329781136,2013.62728309
0.1642910977124784,671.7657227477567,2013.62728309
0.18072020748372622,706.3016780983601,2013.62728309
0.19879222823209883,739.9899448874555,2013.62728309
0.21867145105530872,774.6424656917707,2013.62728309
0.24053859616083956,807.2843012303728,2013.62728309
0.2645924557769235,837.1665426483219,2013.62728309
0.29105170135461583,863.4592602430761,2013.62728309
0.3201568714900774,885.2550158034693,2013.62728309
0.3521725586390851,901.5747917239746,2013.62728309
0.3873898145029936,916.2985247321495,2013.62728309
0.42612879595329284,927.4467019597919,2013.62728309
0.46874167554862206,931.4759276914268,2013.62728309
0.5156158431034843,927.3809482289857,2013.62728309
0.5671774274138327,914.1480167414402,2013.62728309
0.6238951701552159,903.66442265975,2013.62728309
0.6862846871707373,884.3785179459176,2013.62728309
0.754913155887811,855.2635681204897,2013.62728309
0.8304044714765921,819.3059398937708,2013.62728309
0.9134449186242511,786.559650630593,2013.62728309
0.0030000000000000005,18.179201528213998,2013.70262555
0.003300000000000001,19.9585062454392,2013.70262555
0.003630000000000001,21.9099523436407,2013.70262555
0.003993000000000002,24.049776811911098,2013.70262555
0.004392300000000003,26.3956612089205,2013.70262555
0.004831530000000003,28.9668418004618,2013.70262555
0.005314683000000005,31.7842240457912,2013.70262555
0.005846151300000006,34.870500587537805,2013.70262555
0.006430766430000007,38.2502715786256,2013.70262555
0.007073843073000009,41.9501657857664,2013.70262555
0.0077812273803000084,45.9989604296399,2013.70262555
0.00855935011833001,50.427697142181195,2013.70262555
0.00941528513016301,55.2697907249971,2013.70262555
0.01035681364317931,60.561126561671905,2013.70262555
0.01139249500749724,66.34014155092801,2013.70262555
0.012531744508246965,72.64788226635311,2013.70262555
0.013784918959071656,79.52803269012689,2013.70262555
0.015163410854978819,87.0269022914797,2013.70262555
0.016679751940476703,95.1933634055266,2013.70262555
0.01834772713452437,104.07872479782709,2013.70262555
0.020182499847976806,113.7365259632455,2013.70262555
0.022200749832774484,124.22223410180409,2013.70262555
0.024420824816051928,135.5928228492866,2013.70262555
0.02686290729765712,147.9062087441587,2013.70262555
0.02954919802742283,161.24848150340128,2013.70262555
0.03250411783016511,175.7330244469929,2013.70262555
0.03575452961318162,191.3626926144046,2013.70262555
0.039329982574499774,208.1964233907909,2013.70262555
0.043262980831949745,226.28936135778318,2013.70262555
0.047589278915144716,245.6909721060922,2013.70262555
0.05234820680665919,266.4427900106125,2013.70262555
0.057583027487325106,288.5757601304673,2013.70262555
0.0633413302360576,312.1071367851818,2013.70262555
0.06967546325966335,337.03690625851004,2013.70262555
0.07664300958562968,363.3437091242663,2013.70262555
0.08430731054419265,390.98024952788916,2013.70262555
0.0927380415986119,419.8681950219807,2013.70262555
0.10201184575847308,449.89259177804956,2013.70262555
0.11221303033432038,480.8958465290727,2013.70262555
0.12343433336775242,512.6713584907163,2013.70262555
0.13577776670452762,544.9569213913728,2013.70262555
0.14935554337498042,577.428056684269,2013.70262555
0.1642910977124784,609.691482411861,2013.70262555
0.18072020748372622,643.453546328321,2013.70262555
0.19879222823209883,676.7525976867526,2013.70262555
0.21867145105530872,708.8576156655882,2013.70262555
0.24053859616083956,739.1470541170536,2013.70262555
0.2645924557769235,766.9187388985617,2013.70262555
0.29105170135461583,791.3900849309547,2013.70262555
0.3201568714900774,811.7003740192301,2013.70262555
0.3521725586390851,830.4159847692472,2013.70262555
0.3873898145029936,846.9202535377426,2013.70262555
0.42612879595329284,857.6885151550923,2013.70262555
0.46874167554862206,861.7662624489893,2013.70262555
0.5156158431034843,858.1691596704069,2013.70262555
0.5671774274138327,852.2189321747366,2013.70262555
0.6238951701552159,843.0291566087993,2013.70262555
0.6862846871707373,825.2191802115934,2013.70262555
0.754913155887811,797.9715858991084,2013.70262555
0.8304044714765921,770.4382433186256,2013.70262555
0.9134449186242511,739.7455403832796,2013.70262555
0.0030000000000000005,16.7776190703383,2013.77796802
0.003300000000000001,18.4195498437924,2013.77796802
0.003630000000000001,20.220334619130803,2013.77796802
0.003993000000000002,22.1949618758112,2013.77796802
0.004392300000000003,24.359754979258,2013.77796802
0.004831530000000003,26.732474289246298,2013.77796802
0.005314683000000005,29.3324233828273,2013.77796802
0.005846151300000006,32.1805586303228,2013.77796802
0.006430766430000007,35.2996010689903,2013.77796802
0.007073843073000009,38.7141491581794,2013.77796802
0.0077812273803000084,42.4507905600681,2013.77796802
0.00855935011833001,46.538210557649,2013.77796802
0.00941528513016301,51.007294081083,2013.77796802
0.01035681364317931,55.9034343444404,2013.77796802
0.01139249500749724,61.254529427581,2013.77796802
0.012531744508246965,67.09844558399999,2013.77796802
0.013784918959071656,73.4765746123556,2013.77796802
0.015163410854978819,80.43294955465689,2013.77796802
0.016679751940476703,88.0142284356403,2013.77796802
0.01834772713452437,96.2696264064921,2013.77796802
0.020182499847976806,105.25078314145719,2013.77796802
0.022200749832774484,115.0115500450046,2013.77796802
0.024420824816051928,125.6076792905684,2013.77796802
0.02686290729765712,137.0963939468435,2013.77796802
0.02954919802742283,149.53581549093968,2013.77796802
0.03250411783016511,162.9842219217514,2013.77796802
0.03575452961318162,177.49910656711359,2013.77796802
0.039329982574499774,193.1360046614768,2013.77796802
0.043262980831949745,209.9470520442203,2013.77796802
0.047589278915144716,227.9792381391229,2013.77796802
0.05234820680665919,247.2723140377982,2013.77796802
0.057583027487325106,267.8563164132259,2013.77796802
0.0633413302360576,289.748669599953,2013.77796802
0.06967546325966335,312.9508320343169,2013.77796802
0.07664300958562968,337.4444599508318,2013.77796802
0.08430731054419265,363.1870714146689,2013.77796802
0.0927380415986119,390.1072080642537,2013.77796802
0.10201184575847308,418.0991109063409,2013.77796802
0.11221303033432038,447.01695056611004,2013.77796802
0.12343433336775242,476.66868171666147,2013.77796802
0.13577776670452762,506.8096257985202,2013.77796802
0.14935554337498042,537.8651128025102,2013.77796802
0.1642910977124784,569.9888271844743,2013.77796802
0.18072020748372622,601.9664179717446,2013.77796802
0.19879222823209883,633.358136570818,2013.77796802
0.21867145105530872,663.6506384638427,2013.77796802
0.24053859616083956,692.2535164396685,2013.77796802
0.2645924557769235,718.4971775105194,2013.77796802
0.29105170135461583,741.6323682441667,2013.77796802
0.3201568714900774,762.3656179043708,2013.77796802
0.3521725586390851,782.8137970647193,2013.77796802
0.3873898145029936,798.6889439750539,2013.77796802
0.42612879595329284,809.1030724594503,2013.77796802
0.46874167554862206,813.12285528318,2013.77796802
0.5156158431034843,809.9458025027166,2013.77796802
0.5671774274138327,808.9198461685628,2013.77796802
0.6238951701552159,800.3997271981654,2013.77796802
0.6862846871707373,783.545122550828,2013.77796802
0.754913155887811,757.5337469050639,2013.77796802
0.8304044714765921,735.821775289843,2013.77796802
0.9134449186242511,706.5186289513575,2013.77796802
0.0030000000000000005,12.9918710095523,2013.92739724
0.003300000000000001,14.2644762795029,2013.92739724
0.003630000000000001,15.660465376340499,2013.92739724
0.003993000000000002,17.1915365831599,2013.92739724
0.004392300000000003,18.870442221979598,2013.92739724
0.004831530000000003,20.711071991584802,2013.92739724
0.005314683000000005,22.7285403490504,2013.92739724
0.005846151300000006,24.9392775092816,2013.92739724
0.006430766430000007,27.361123438358298,2013.92739724
0.007073843073000009,30.0134239705772,2013.92739724
0.0077812273803000084,32.9171278768999,2013.92739724
0.00855935011833001,36.0948833437743,2013.92739724
0.00941528513016301,39.5711318743257,2013.92739724
0.01035681364317931,43.372197085550496,2013.92739724
0.01139249500749724,47.5263652307802,2013.92739724
0.012531744508246965,52.0639535102791,2013.92739724
0.013784918959071656,57.0173613271635,2013.92739724
0.015163410854978819,62.4210985827834,2013.92739724
0.016679751940476703,68.3117838669046,2013.92739724
0.01834772713452437,74.7281039656187,2013.92739724
0.020182499847976806,81.71072446785391,2013.92739724
0.022200749832774484,89.3021393870404,2013.92739724
0.024420824816051928,97.54644562104919,2013.92739724
0.02686290729765712,106.4890257527715,2013.92739724
0.02954919802742283,116.1761201598861,2013.92739724
0.03250411783016511,126.6542666868934,2013.92739724
0.03575452961318162,137.9695832895477,2013.92739724
0.039329982574499774,150.166866175129,2013.92739724
0.043262980831949745,163.2884731523418,2013.92739724
0.047589278915144716,177.37295933817478,2013.92739724
0.05234820680665919,192.453430265815,2013.92739724
0.057583027487325106,208.55557607942728,2013.92739724
0.0633413302360576,225.6953502380984,2013.92739724
0.06967546325966335,243.9863788001527,2013.92739724
0.07664300958562968,263.6288647451867,2013.92739724
0.08430731054419265,284.3864422338721,2013.92739724
0.0927380415986119,306.22833778923444,2013.92739724
0.10201184575847308,329.10000395621756,2013.92739724
0.11221303033432038,352.91864934235053,2013.92739724
0.12343433336775242,377.568372303797,2013.92739724
0.13577776670452762,402.8949499345686,2013.92739724
0.14935554337498042,428.7003620387152,2013.92739724
0.1642910977124784,454.7371616780773,2013.92739724
0.18072020748372622,480.70283873443697,2013.92739724
0.19879222823209883,506.2343591682412,2013.92739724
0.21867145105530872,530.9030981305436,2013.92739724
0.24053859616083956,555.0537237304871,2013.92739724
0.2645924557769235,579.8117266966483,2013.92739724
0.29105170135461583,602.7557174255533,2013.92739724
0.3201568714900774,623.2720550542865,2013.92739724
0.3521725586390851,640.680066560353,2013.92739724
0.3873898145029936,654.234386810791,2013.92739724
0.42612879595329284,663.1292059674562,2013.92739724
0.46874167554862206,671.938755302865,2013.92739724
0.5156158431034843,677.4392501816994,2013.92739724
0.5671774274138327,677.1348185834099,2013.92739724
0.6238951701552159,670.2098973393337,2013.92739724
0.6862846871707373,656.7615538029114,2013.92739724
0.754913155887811,646.2781462074179,2013.92739724
0.8304044714765921,628.6838227187448,2013.92739724
0.9134449186242511,603.3279787445028,2013.92739724
0.0030000000000000005,11.5264506252611,2014.07671231
0.003300000000000001,12.6552303867373,2014.07671231
0.003630000000000001,13.8934383953024,2014.07671231
0.003993000000000002,15.2514520553799,2014.07671231
0.004392300000000003,16.740584704821398,2014.07671231
0.004831530000000003,18.373159846361,2014.07671231
0.005314683000000005,20.162589037676398,2014.07671231
0.005846151300000006,22.123453076146703,2014.07671231
0.006430766430000007,24.2715859402495,2014.07671231
0.007073843073000009,26.6241607335003,2014.07671231
0.0077812273803000084,29.19977661087,2014.07671231
0.00855935011833001,32.0185453424886,2014.07671231
0.00941528513016301,35.1021757746156,2014.07671231
0.01035681364317931,38.4740539713656,2014.07671231
0.01139249500749724,42.1593162491734,2014.07671231
0.012531744508246965,46.1849116346927,2014.07671231
0.013784918959071656,50.579649469715704,2014.07671231
0.015163410854978819,55.374226936720405,2014.07671231
0.016679751940476703,60.6012301681607,2014.07671231
0.01834772713452437,66.2951013140437,2014.07671231
0.020182499847976806,72.4920624591994,2014.07671231
0.022200749832774484,79.229985589891,2014.07671231
0.024420824816051928,86.5481958993101,2014.07671231
0.02686290729765712,94.48719359016481,2014.07671231
0.02954919802742283,103.0882769870992,2014.07671231
0.03250411783016511,112.3930472333236,2014.07671231
0.03575452961318162,122.5342659272437,2014.07671231
0.039329982574499774,133.4924142805408,2014.07671231
0.043262980831949745,145.3070503145722,2014.07671231
0.047589278915144716,158.0199743792865,2014.07671231
0.05234820680665919,171.6695176501076,2014.07671231
0.057583027487325106,186.28900238963251,2014.07671231
0.0633413302360576,201.9049067527697,2014.07671231
0.06967546325966335,218.53470158377942,2014.07671231
0.07664300958562968,236.1843283216819,2014.07671231
0.08430731054419265,254.8452907464579,2014.07671231
0.0927380415986119,274.4913393611731,2014.07671231
0.10201184575847308,295.07473623562606,2014.07671231
0.11221303033432038,316.522100642057,2014.07671231
0.12343433336775242,338.72985223321774,2014.07671231
0.13577776670452762,361.5592891530369,2014.07671231
0.14935554337498042,384.8313634153636,2014.07671231
0.1642910977124784,408.3212449050519,2014.07671231
0.18072020748372622,431.7527977968252,2014.07671231
0.19879222823209883,455.0059639693659,2014.07671231
0.21867145105530872,479.5435150979834,2014.07671231
0.24053859616083956,503.3844527494837,2014.07671231
0.2645924557769235,526.084952998229,2014.07671231
0.29105170135461583,547.1366572524165,2014.07671231
0.3201568714900774,565.9650238185287,2014.07671231
0.3521725586390851,581.9290490130677,2014.07671231
0.3873898145029936,594.3225842511663,2014.07671231
0.42612879595329284,606.5181278414558,2014.07671231
0.46874167554862206,616.444222395313,2014.07671231
0.5156158431034843,621.6880595012117,2014.07671231
0.5671774274138327,621.4794587192322,2014.07671231
0.6238951701552159,615.0204765649643,2014.07671231
0.6862846871707373,608.548326560902,2014.07671231
0.754913155887811,598.9552905285941,2014.07671231
0.8304044714765921,582.5743539663122,2014.07671231
0.9134449186242511,558.7474039244236,2014.07671231
